Months,Customer Name,,
1,Darren Powers,,
1,Phillina Ober,,
1,Mick Brown,,
1,Lycoris Saunders,,
1,Jack O'Briant,,
1,Maria Etezadi,,
1,Vivek Sundaresam,Row Labels,Count of Customer Name
1,Melanie Seite,1,159
1,Anthony Jacobs,2,146
1,Seth Vernon,3,290
1,Chris Selesnick,4,282
1,Natalie DeCherney,5,301
1,Brian Dahlen,6,290
1,Michael Moore,7,281
1,Brendan Sweed,8,280
1,Erica Hackney,9,459
1,Delfina Latchford,10,323
1,David Wiener,11,483
1,Toby Swindell,12,454
1,Hunter Lopez,(blank),
1,Mark Van Huff,,
1,Xylona Preis,,
1,Muhammed MacIntyre,,
1,Tom Boeckenhauer,,
1,Ionia McGrath,,
1,Speros Goranitis,,
1,Shirley Daniels,,
1,Carol Adams,,
1,Ed Jacobs,,
1,Jasper Cacioppo,,
1,Mike Vittorini,,
1,Liz Carlisle,,
2,Bradley Drucker,,
2,Cynthia Delaney,,
2,Eric Barreto,,
2,Tom Boeckenhauer,,
2,Deborah Brumfield,,
2,Mark Haberlin,,
2,Neil Ducich,,
2,Delfina Latchford,,
2,Cyma Kinney,,
2,Chris Selesnick,,
2,Nathan Mautz,,
2,Natalie Fritzler,,
2,Guy Armstrong,,
2,Sanjit Chand,,
2,Shui Tom,,
2,Marina Lichtenstein,,
2,Barry Französisch,,
2,Michael Nguyen,,
2,Troy Blackwell,,
2,Aaron Bergman,,
2,Linda Cazamias,,
2,Steven Roelle,,
2,Tamara Manning,,
2,Sue Ann Reed,,
2,Michael Grace,,
2,Jennifer Halladay,,
2,Joy Smith,,
3,Dave Brooks,,
3,Hallie Redmond,,
3,Vicky Freymann,,
3,Shahid Collister,,
3,Giulietta Weimer,,
3,Kristina Nunn,,
3,Nicole Hansen,,
3,Ashley Jarboe,,
3,Anne Pryor,,
3,Jill Stevenson,,
3,Sam Craven,,
3,Eva Jacobs,,
3,Clay Ludtke,,
3,Sanjit Chand,,
3,Aimee Bixby,,
3,Aaron Bergman,,
3,Nora Pelletier,,
3,Craig Molinari,,
3,Scott Williamson,,
3,Kean Thornton,,
3,Chloris Kastensmidt,,
3,Kelly Andreada,,
3,Filia McAdams,,
3,Richard Bierner,,
3,Dean Katz,,
3,Christine Kargatis,,
3,Jason Fortune-,,
3,Rick Bensley,,
3,Neil Französisch,,
3,Alan Shonely,,
3,Bradley Nguyen,,
3,Christine Phan,,
3,Annie Zypern,,
3,Mark Haberlin,,
3,Quincy Jones,,
3,Sean Miller,,
3,Eileen Kiefer,,
3,Sample Company A,,
3,Matt Connell,,
3,Cassandra Brandow,,
3,Thomas Seio,,
3,Kristen Hastings,,
3,Gary McGarr,,
3,Craig Carroll,,
3,Beth Fritzler,,
3,Vivian Mathis,,
3,Patrick O'Donnell,,
3,Bruce Geld,,
3,Carlos Daly,,
3,Maurice Satty,,
3,Christina Anderson,,
3,Jonathan Doherty,,
3,Damala Kotsonis,,
3,Cindy Stewart,,
3,Christina VanderZanden,,
3,Daniel Raglin,,
3,Mike Pelletier,,
3,Mike Gockenbach,,
3,Kunst Miller,,
3,Dorris liebe,,
3,Susan Gilcrest,,
3,Guy Armstrong,,
3,Mark Packer,,
3,Nat Carroll,,
3,Alex Avila,,
3,Jas O'Carroll,,
3,Dorothy Dickinson,,
3,Karen Bern,,
3,Trudy Glocke,,
4,Kunst Miller,,
4,Katharine Harms,,
4,Rob Dowd,,
4,Sam Craven,,
4,Anna Häberlin,,
4,Katrina Edelman,,
4,Paul Knutson,,
4,Maurice Satty,,
4,Mary Zewe,,
4,Ken Black,,
4,Tracy Hopkins,,
4,Greg Maxwell,,
4,John Grady,,
4,Ruben Dartt,,
4,Roy Phan,,
4,Guy Phonely,,
4,Shirley Daniels,,
4,Scott Cohen,,
4,Andy Yotov,,
4,Frank Hawley,,
4,Pauline Johnson,,
4,Roland Schwarz,,
4,Valerie Mitchum,,
4,Jim Mitchum,,
4,Ruben Ausman,,
4,Pauline Chand,,
4,Nathan Mautz,,
4,John Stevenson,,
4,Jay Kimmel,,
4,Sanjit Engle,,
4,Gary Mitchum,,
4,Michelle Moray,,
4,Kean Nguyen,,
4,Stewart Visinsky,,
4,Edward Hooks,,
4,Jonathan Doherty,,
4,Ben Ferrer,,
4,Paul Stevenson,,
4,Stephanie Phelps,,
4,John Lee,,
4,Nicole Fjeld,,
4,Allen Goldenen,,
4,Seth Vernon,,
4,Benjamin Patterson,,
4,Allen Armold,,
4,Dorothy Badders,,
4,Aaron Hawkins,,
4,Theresa Swint,,
4,Laurel Beltran,,
4,Dianna Arnett,,
4,Lena Creighton,,
4,Beth Thompson,,
4,Aleksandra Gannaway,,
4,Marc Harrigan,,
4,Muhammed Yedwab,,
4,George Bell,,
4,Arianne Irving,,
4,David Smith,,
4,Lauren Leatherbury,,
4,Harry Greene,,
4,Laura Armstrong,,
4,Katherine Hughes,,
4,Tamara Manning,,
4,Justin MacKendrick,,
5,Andrew Roberts,,
5,Cari Schnelling,,
5,Joni Sundaresam,,
5,Nathan Cano,,
5,Paul MacIntyre,,
5,Andrew Allen,,
5,Nat Carroll,,
5,Bill Shonely,,
5,Peter Fuller,,
5,Emily Burns,,
5,Katharine Harms,,
5,Giulietta Dortch,,
5,Harold Pawlan,,
5,Steve Nguyen,,
5,Carol Triggs,,
5,Kean Thornton,,
5,Patrick Gardner,,
5,Sean Braxton,,
5,Arianne Irving,,
5,Art Foster,,
5,Greg Matthias,,
5,Paul Gonzalez,,
5,Raymond Messe,,
5,Brooke Gillingham,,
5,Victoria Wilson,,
5,Harold Dahlen,,
5,Hunter Lopez,,
5,Alejandro Grove,,
5,Erica Hernandez,,
5,Naresj Patel,,
5,Aaron Hawkins,,
5,Anthony Johnson,,
5,Pauline Webber,,
5,Cindy Chapman,,
5,Pete Armstrong,,
5,Bruce Stewart,,
5,Ted Trevino,,
5,George Ashbrook,,
5,John Huston,,
5,Tamara Dahlen,,
5,Randy Ferguson,,
5,Matt Collister,,
5,Mitch Willingham,,
5,Bradley Talbott,,
5,Frank Gastineau,,
5,Katherine Hughes,,
5,Evan Henry,,
5,Erica Hackney,,
5,Greg Tran,,
5,Resi Pölking,,
5,Janet Lee,,
5,Barry Weirich,,
5,Marina Lichtenstein,,
5,Herbert Flentye,,
5,Dean percer,,
5,Michelle Moray,,
5,Maya Herman,,
5,Lena Creighton,,
5,Laurel Elliston,,
5,Patrick Jones,,
5,Magdelene Morse,,
5,Ellis Ballard,,
5,Shahid Shariari,,
5,James Galang,,
5,Laurel Workman,,
5,Mark Cousins,,
5,Jim Karlsson,,
6,Dianna Wilson,,
6,Corey Roper,,
6,Liz Thompson,,
6,Quincy Jones,,
6,Christine Kargatis,,
6,Stewart Visinsky,,
6,Steven Cartwright,,
6,Ross Baird,,
6,Richard Eichhorn,,
6,Mark Packer,,
6,Bobby Trafton,,
6,Bryan Mills,,
6,Grant Thornton,,
6,Sarah Bern,,
6,Valerie Takahito,,
6,Bart Pistole,,
6,Nick Radford,,
6,Carlos Soltero,,
6,Katrina Edelman,,
6,Rick Duston,,
6,Brosina Hoffman,,
6,Carl Weiss,,
6,Chuck Magee,,
6,Frank Olsen,,
6,Thomas Seio,,
6,Heather Kirkland,,
6,Filia McAdams,,
6,Sharelle Roach,,
6,Kelly Lampkin,,
6,Pamela Stobb,,
6,Sonia Cooley,,
6,Chloris Kastensmidt,,
6,Duane Benoit,,
6,Gary Hwang,,
6,Jennifer Ferguson,,
6,Mick Crebagga,,
6,Sam Craven,,
6,Corey-Lock,,
6,Naresj Patel,,
6,Dave Brooks,,
6,Raymond Messe,,
6,Natalie Webber,,
6,Toby Braunhardt,,
6,James Galang,,
6,Joel Eaton,,
6,Dianna Vittorini,,
6,Anna Andreadi,,
6,Brian Stugart,,
6,Denise Leinenbach,,
6,Liz Pelletier,,
6,Noel Staavos,,
6,Grace Kelly,,
6,Liz MacKendrick,,
6,Cynthia Arntzen,,
6,Rob Williams,,
6,Dan Lawera,,
6,Jim Karlsson,,
6,Helen Abelman,,
6,Russell Applegate,,
6,Anthony Rawles,,
6,Michael Stewart,,
6,Cari Schnelling,,
6,Brian DeCherney,,
7,Dorris liebe,,
7,Laurel Workman,,
7,Eric Hoffmann,,
7,Katrina Edelman,,
7,Maxwell Schwartz,,
7,Michael Chen,,
7,Dan Campbell,,
7,Dennis Pardue,,
7,David Wiener,,
7,Don Miller,,
7,Emily Phan,,
7,Becky Castell,,
7,John Lee,,
7,Michelle Huthwaite,,
7,Ed Braxton,,
7,Brian Moss,,
7,Gary Hansen,,
7,Darrin Sayre,,
7,Laura Armstrong,,
7,Michael Nguyen,,
7,Mark Hamilton,,
7,Jamie Kunitz,,
7,Alyssa Crouse,,
7,Ben Ferrer,,
7,Clay Ludtke,,
7,Max Engle,,
7,Paul Van Hugh,,
7,Grace Kelly,,
7,Arthur Wiediger,,
7,Philip Brown,,
7,Shui Tom,,
7,Shirley Schmidt,,
7,Barbara Fisher,,
7,Victoria Wilson,,
7,Adrian Hane,,
7,Jack Lebron,,
7,Christine Abelman,,
7,Eugene Moren,,
7,Katherine Murray,,
7,Scot Wooten,,
7,Charles Crestani,,
7,Roger Demir,,
7,Jonathan Doherty,,
7,Michelle Ellison,,
7,Harry Marie,,
7,Patrick Gardner,,
7,Erin Mull,,
7,Naresj Patel,,
7,Alejandro Ballentine,,
7,John Lucas,,
7,Arthur Gainer,,
7,Alejandro Grove,,
7,Nick Crebassa,,
7,Ken Lonsdale,,
7,Vicky Freymann,,
7,Carl Ludwig,,
7,Kunst Miller,,
7,Jack O'Briant,,
7,Sheri Gordon,,
7,Luke Foster,,
7,Giulietta Weimer,,
7,Aaron Smayling,,
7,Barry Blumstein,,
7,Chloris Kastensmidt,,
7,Tom Stivers,,
8,Barbara Fisher,,
8,Ivan Liston,,
8,Ann Steele,,
8,Nick Zandusky,,
8,Bruce Stewart,,
8,Berenike Kampe,,
8,Gary Hansen,,
8,Valerie Dominguez,,
8,Marina Lichtenstein,,
8,Chad Sievert,,
8,Sonia Sunley,,
8,Ricardo Sperren,,
8,Stephanie Phelps,,
8,Gary Zandusky,,
8,Roland Fjeld,,
8,Trudy Brown,,
8,Lena Radford,,
8,Maria Bertelson,,
8,Tamara Manning,,
8,Matt Abelman,,
8,Vivek Gonzalez,,
8,Andy Gerbode,,
8,Emily Ducich,,
8,Matthew Grinstein,,
8,Joseph Holt,,
8,Gene McClure,,
8,Roger Demir,,
8,Greg Matthias,,
8,Ken Lonsdale,,
8,Charles Sheldon,,
8,Ben Wallace,,
8,Duane Huffman,,
8,Lauren Leatherbury,,
8,Keith Herrera,,
8,Christine Sundaresam,,
8,Brian Dahlen,,
8,Troy Staebel,,
8,Ken Black,,
8,Don Jones,,
8,Jim Karlsson,,
8,Maxwell Schwartz,,
8,Lena Hernandez,,
8,David Wiener,,
8,Bill Shonely,,
8,Craig Reiter,,
8,Nick Crebassa,,
8,Deanra Eno,,
8,Jeremy Pistek,,
8,Jennifer Ferguson,,
8,Rick Hansen,,
8,Robert Barroso,,
8,Arthur Prichep,,
8,Corey Roper,,
8,Jennifer Patt,,
8,Dorothy Wardle,,
8,Ryan Crowe,,
8,Janet Molinari,,
8,Mitch Webber,,
8,Joe Elijah,,
8,Brendan Sweed,,
8,Frank Merwin,,
8,Karl Braun,,
8,Paul Prost,,
8,Zuschuss Donatelli,,
8,Corey Catlett,,
8,Michael Moore,,
8,Hilary Holden,,
8,Ryan Akin,,
8,Annie Thurman,,
8,Shirley Jackson,,
9,Larry Tron,,
9,Jack Lebron,,
9,Lena Hernandez,,
9,Justin MacKendrick,,
9,Clay Ludtke,,
9,Katherine Ducich,,
9,Christina VanderZanden,,
9,Andy Gerbode,,
9,Sanjit Chand,,
9,Bryan Mills,,
9,Allen Goldenen,,
9,Mathew Reese,,
9,Nora Preis,,
9,Patrick Ryan,,
9,Victoria Pisteka,,
9,Sean Braxton,,
9,Tom Boeckenhauer,,
9,Dennis Kane,,
9,Sam Zeldin,,
9,Rick Bensley,,
9,Lisa Ryan,,
9,Shahid Shariari,,
9,Becky Martin,,
9,Gary Zandusky,,
9,Lisa Hazard,,
9,Karen Carlisle,,
9,Dennis Pardue,,
9,Ted Trevino,,
9,Stefania Perrino,,
9,Marc Crier,,
9,Kean Takahito,,
9,Paul Prost,,
9,Toby Swindell,,
9,Maribeth Schnelling,,
9,Rick Reed,,
9,Logan Currie,,
9,Daniel Lacy,,
9,Nicole Fjeld,,
9,Chris Cortes,,
9,Dianna Arnett,,
9,Sandra Flanagan,,
9,Liz Willingham,,
9,Shirley Daniels,,
9,Brad Norvell,,
9,Pete Takahito,,
9,Art Foster,,
9,Tom Ashbrook,,
9,Luke Weiss,,
9,Erin Ashbrook,,
9,Jessica Myrick,,
9,Dan Campbell,,
9,Odella Nelson,,
9,Becky Castell,,
9,Resi Pölking,,
9,Jennifer Braxton,,
9,Astrea Jones,,
9,Cynthia Arntzen,,
9,John Castell,,
9,Darrin Martin,,
9,Scott Cohen,,
9,Monica Federle,,
9,Alex Avila,,
9,Randy Ferguson,,
9,Anthony Garverick,,
9,Bradley Nguyen,,
9,Nick Radford,,
9,Joseph Airdo,,
9,Frank Atkinson,,
9,John Lee,,
9,Bill Shonely,,
9,Mike Caudle,,
9,Jim Kriz,,
9,Neil Ducich,,
9,Philip Fox,,
9,Erica Smith,,
9,Dorothy Badders,,
9,Michelle Arnett,,
9,Duane Noonan,,
9,Sarah Brown,,
9,Henry Goldwyn,,
9,Mitch Webber,,
9,Jack Garza,,
9,Brian Moss,,
9,Herbert Flentye,,
9,Matt Abelman,,
9,Joni Sundaresam,,
9,Larry Hughes,,
9,Sara Luxemburg,,
9,Vivek Grady,,
9,Sanjit Engle,,
9,Adam Shillingsburg,,
9,Shui Tom,,
9,Thea Hudgings,,
9,Julie Prescott,,
9,Thomas Thornton,,
9,Julia Dunbar,,
9,Michelle Tran,,
9,Barry Franz,,
9,Nicole Brennan,,
9,Christopher Schild,,
9,Karen Ferguson,,
9,Craig Molinari,,
9,Michael Moore,,
9,Thomas Seio,,
9,Thea Hendricks,,
9,George Zrebassa,,
9,Keith Dawkins,,
9,Xylona Preis,,
9,Arthur Prichep,,
9,Suzanne McNair,,
9,Lisa DeCherney,,
9,Evan Bailliet,,
9,Russell Applegate,,
9,Ben Wallace,,
9,Kelly Williams,,
9,Doug Bickford,,
9,Maya Herman,,
9,Dario Medina,,
10,Neil Französisch,,
10,Erin Smith,,
10,Beth Paige,,
10,Allen Rosenblatt,,
10,Sara Luxemburg,,
10,Denny Ordway,,
10,Russell D'Ascenzo,,
10,David Flashing,,
10,Joy Daniels,,
10,Chris Cortes,,
10,Brian Derr,,
10,Keith Herrera,,
10,Xylona Preis,,
10,Alice McCarthy,,
10,Victoria Pisteka,,
10,Mathew Reese,,
10,John Grady,,
10,Jack Garza,,
10,Duane Noonan,,
10,Bart Pistole,,
10,Shirley Jackson,,
10,Tanja Norvell,,
10,Shirley Daniels,,
10,Craig Molinari,,
10,Richard Bierner,,
10,Fred Chung,,
10,Jill Fjeld,,
10,Dean percer,,
10,Helen Andreada,,
10,Dorothy Badders,,
10,Alan Shonely,,
10,Barry Pond,,
10,Zuschuss Carroll,,
10,Marina Lichtenstein,,
10,Sibella Parks,,
10,Michelle Arnett,,
10,Jim Epp,,
10,Hunter Glantz,,
10,Bradley Drucker,,
10,Toby Carlisle,,
10,Dan Lawera,,
10,Anna Chung,,
10,Lynn Smith,,
10,Tracy Blumstein,,
10,Evan Bailliet,,
10,Alan Schoenberger,,
10,Edward Hooks,,
10,Luke Schmidt,,
10,Ivan Gibson,,
10,Jeremy Farry,,
10,Rachel Payne,,
10,Eugene Hildebrand,,
10,Patrick O'Donnell,,
10,Fred Hopkins,,
10,Lindsay Shagiari,,
10,Sylvia Foulston,,
10,Frank Hawley,,
10,Maureen Gastineau,,
10,Nicole Brennan,,
10,Daniel Byrd,,
10,Allen Armold,,
10,Arthur Prichep,,
10,Aaron Hawkins,,
10,Evan Henry,,
10,Angele Hood,,
10,Ross DeVincentis,,
10,Todd Sumrall,,
10,Bill Tyler,,
10,Sue Ann Reed,,
10,Noah Childs,,
10,Greg Guthrie,,
10,Anne McFarland,,
10,Amy Cox,,
10,Anthony Jacobs,,
10,Nancy Lomonaco,,
11,Russell Applegate,,
11,Natalie DeCherney,,
11,Ken Heidel,,
11,Suzanne McNair,,
11,Jack O'Briant,,
11,Paul Lucas,,
11,Daniel Lacy,,
11,Deirdre Greer,,
11,Erin Ashbrook,,
11,Roger Demir,,
11,Patrick O'Brill,,
11,Liz Carlisle,,
11,Julie Kriz,,
11,Shahid Hopkins,,
11,Steven Ward,,
11,Maxwell Schwartz,,
11,Speros Goranitis,,
11,Resi Pölking,,
11,Annie Thurman,,
11,Denise Monton,,
11,Stephanie Phelps,,
11,Tracy Collins,,
11,Nathan Mautz,,
11,Odella Nelson,,
11,MaryBeth Skach,,
11,William Brown,,
11,Sam Zeldin,,
11,Tiffany House,,
11,Deanra Eno,,
11,Steven Roelle,,
11,Maribeth Dona,,
11,Barry Gonzalez,,
11,George Ashbrook,,
11,Tamara Chand,,
11,Lena Hernandez,,
11,Steven Cartwright,,
11,Maribeth Schnelling,,
11,Bart Pistole,,
11,Troy Blackwell,,
11,Emily Burns,,
11,Jeremy Pistek,,
11,Benjamin Farhat,,
11,Ruben Dartt,,
11,Sam Craven,,
11,Pete Kriz,,
11,Tracy Zic,,
11,Karen Daniels,,
11,Arthur Prichep,,
11,Tom Stivers,,
11,Matt Abelman,,
11,Mary Zewe,,
11,Brosina Hoffman,,
11,Kristina Nunn,,
11,Roy Französisch,,
11,Joseph Airdo,,
11,Darren Budd,,
11,Darren Powers,,
11,Maris LaWare,,
11,Jeremy Lonsdale,,
11,Candace McMahon,,
11,Robert Marley,,
11,Chris Cortes,,
11,Jamie Frazer,,
11,Peter Bühler,,
11,Shahid Shariari,,
11,Scott Cohen,,
11,Rick Huthwaite,,
11,Adam Hart,,
11,Alan Barnes,,
11,Justin Deggeller,,
11,Mark Packer,,
11,Yoseph Carroll,,
11,Thomas Seio,,
11,Randy Bradley,,
11,Cassandra Brandow,,
11,Greg Tran,,
11,Frank Gastineau,,
11,Pierre Wener,,
11,Carlos Soltero,,
11,Ann Blume,,
11,John Grady,,
11,Joe Kamberova,,
11,Julie Creighton,,
11,Michael Kennedy,,
11,Maya Herman,,
11,John Murray,,
11,Georgia Rosenberg,,
11,Dennis Bolton,,
11,Mitch Webber,,
11,Alan Dominguez,,
11,Katharine Harms,,
11,Dave Hallsten,,
11,Jason Klamczynski,,
11,Steve Carroll,,
11,Ruben Ausman,,
11,Evan Henry,,
11,Tony Chapman,,
11,Susan Pistek,,
11,Robert Barroso,,
11,Sanjit Chand,,
11,Emily Ducich,,
11,Saphhira Shifley,,
11,Phillip Breyer,,
11,Sally Matthias,,
11,Damala Kotsonis,,
11,Bobby Trafton,,
11,Nathan Gelder,,
11,Vivek Gonzalez,,
11,Harold Ryan,,
11,Richard Bierner,,
11,Erica Hackney,,
11,Muhammed Yedwab,,
11,Darren Koutras,,
11,Thea Hendricks,,
11,Nat Gilpin,,
11,Harold Pawlan,,
11,Alyssa Tate,,
11,Laurel Workman,,
11,Matt Collister,,
11,Andy Reiter,,
11,Mike Pelletier,,
11,Sanjit Engle,,
11,Joel Eaton,,
11,Natalie Webber,,
11,Lindsay Shagiari,,
11,Lynn Smith,,
11,Luke Schmidt,,
11,Bart Folk,,
11,Mary O'Rourke,,
11,Chris Selesnick,,
11,Duane Huffman,,
11,Sheri Gordon,,
11,Brian Thompson,,
11,Matthew Clasen,,
11,Corey-Lock,,
11,Bill Stewart,,
11,Alan Hwang,,
11,Philip Brown,,
11,Randy Ferguson,,
12,Resi Pölking,,
12,Toby Ritter,,
12,Toby Braunhardt,,
12,Joe Kamberova,,
12,Matt Connell,,
12,Anna Andreadi,,
12,David Philippe,,
12,Michael Dominguez,,
12,Katherine Nockton,,
12,Matt Collins,,
12,Odella Nelson,,
12,Elizabeth Moffitt,,
12,Nathan Gelder,,
12,Matthew Clasen,,
12,Cathy Prescott,,
12,Brendan Sweed,,
12,David Kendrick,,
12,Roy Collins,,
12,Nona Balk,,
12,Erin Ashbrook,,
12,Rob Lucas,,
12,Joni Blumstein,,
12,Luke Foster,,
12,Ryan Crowe,,
12,Berenike Kampe,,
12,Roland Schwarz,,
12,Barry Gonzalez,,
12,Patrick O'Brill,,
12,Frank Preis,,
12,Ann Steele,,
12,Erica Hernandez,,
12,Thomas Boland,,
12,Tim Brockman,,
12,Jim Karlsson,,
12,Denny Joy,,
12,Cyma Kinney,,
12,Dario Medina,,
12,Victoria Pisteka,,
12,Thomas Seio,,
12,Sally Matthias,,
12,Sally Hughsby,,
12,Nora Preis,,
12,William Brown,,
12,Craig Yedwab,,
12,Logan Haushalter,,
12,Philip Brown,,
12,Katherine Ducich,,
12,Ralph Arnett,,
12,Ellis Ballard,,
12,Randy Ferguson,,
12,Kimberly Carter,,
12,Joy Daniels,,
12,Bryan Mills,,
12,Sung Shariari,,
12,Tom Boeckenhauer,,
12,Cari Sayre,,
12,Mick Crebagga,,
12,Jas O'Carroll,,
12,Sung Pak,,
12,Ed Braxton,,
12,Kean Nguyen,,
12,Chad Cunningham,,
12,Ken Black,,
12,Ed Jacobs,,
12,Steve Chapman,,
12,Stefanie Holloman,,
12,Laurel Elliston,,
12,Sean Christensen,,
12,Roy Französisch,,
12,Erin Creighton,,
12,Mike Kennedy,,
12,Irene Maddox,,
12,Bart Pistole,,
12,Speros Goranitis,,
12,Penelope Sewall,,
12,Keith Herrera,,
12,Tony Sayre,,
12,Michael Chen,,
12,Toby Carlisle,,
12,Adrian Barton,,
12,Mark Hamilton,,
12,Carol Triggs,,
12,Suzanne McNair,,
12,Gary McGarr,,
12,Dennis Pardue,,
12,John Castell,,
12,Khloe Miller,,
12,Bradley Talbott,,
12,Tamara Willingham,,
12,Sarah Foster,,
12,Tiffany House,,
12,Michelle Ellison,,
12,Craig Carreira,,
12,Julie Creighton,,
12,Ben Ferrer,,
12,Adam Shillingsburg,,
12,Alan Dominguez,,
12,Kelly Lampkin,,
12,Christina Anderson,,
12,Clytie Kelty,,
12,Maureen Gnade,,
12,Tracy Blumstein,,
12,Andy Yotov,,
12,Alyssa Tate,,
12,Corey-Lock,,
12,Jeremy Farry,,
12,Thomas Brumley,,
12,Cynthia Delaney,,
12,Tamara Chand,,
12,Nathan Cano,,
12,Karl Braun,,
12,Anthony Jacobs,,
12,Maribeth Dona,,
12,Debra Catini,,
12,Anthony Johnson,,
12,Shui Tom,,
12,Zuschuss Carroll,,
12,Michael Granlund,,
12,Arianne Irving,,
12,Ricardo Emerson,,
12,Ken Brennan,,
12,Stefania Perrino,,
12,Maureen Fritzler,,
12,Guy Armstrong,,
12,Alex Russell,,
12,Astrea Jones,,
12,Dorothy Dickinson,,
12,Pamela Coakley,,
12,Rob Williams,,
12,Gary Mitchum,,
12,Candace McMahon,,
12,Katherine Murray,,
12,James Lanier,,
12,Aaron Hawkins,,
1,Victoria Wilson,,
1,Claudia Bergmann,,
1,Sylvia Foulston,,
1,Amy Hunt,,
1,Andrew Gjertsen,,
1,Steven Roelle,,
1,Brooke Gillingham,,
1,James Lanier,,
1,Stefania Perrino,,
1,Craig Carroll,,
1,Yana Sorensen,,
1,Cindy Schnelling,,
1,Philip Brown,,
1,Karen Seio,,
1,Joni Sundaresam,,
1,Scott Cohen,,
1,Paul MacIntyre,,
1,Carl Weiss,,
1,Cyra Reiten,,
1,Elizabeth Moffitt,,
1,Sean Christensen,,
1,Joseph Holt,,
1,Jeremy Pistek,,
1,Charles Crestani,,
1,Karl Braun,,
2,Allen Armold,,
2,Rick Wilson,,
2,Ken Heidel,,
2,Frank Olsen,,
2,Pauline Webber,,
2,Victoria Wilson,,
2,Ivan Liston,,
2,Trudy Schmidt,,
2,Lori Olson,,
2,Damala Kotsonis,,
2,Lisa Hazard,,
2,Brosina Hoffman,,
2,Michael Stewart,,
2,Frank Atkinson,,
2,Sarah Jordon,,
2,Jill Fjeld,,
2,Nona Balk,,
2,Karl Braun,,
2,Ted Trevino,,
2,Roy Phan,,
2,Justin MacKendrick,,
2,Sung Pak,,
2,Rob Dowd,,
2,Ann Blume,,
2,Guy Thornton,,
2,Liz MacKendrick,,
2,Kelly Andreada,,
2,Joe Elijah,,
2,Pierre Wener,,
2,Penelope Sewall,,
2,Lindsay Castell,,
2,Sung Shariari,,
2,Bill Tyler,,
2,Erin Smith,,
2,Nora Paige,,
2,Valerie Dominguez,,
3,Shui Tom,,
3,Dave Hallsten,,
3,Resi Pölking,,
3,Tracy Poddar,,
3,Dave Kipp,,
3,Pete Armstrong,,
3,Luke Foster,,
3,Sarah Foster,,
3,Katherine Nockton,,
3,Alan Haines,,
3,Mike Vittorini,,
3,Jennifer Jackson,,
3,Maribeth Schnelling,,
3,John Lucas,,
3,Eugene Moren,,
3,Dana Kaydos,,
3,Anthony Rawles,,
3,Fred Chung,,
3,Frank Olsen,,
3,Noel Staavos,,
3,Toby Gnade,,
3,Toby Swindell,,
3,Ken Black,,
3,Edward Becker,,
3,Evan Bailliet,,
3,Marc Crier,,
3,Nicole Fjeld,,
3,Emily Phan,,
3,Arianne Irving,,
3,Karen Seio,,
3,Christopher Martinez,,
3,Jeremy Ellison,,
3,Monica Federle,,
3,Michael Stewart,,
3,Jim Kriz,,
3,Harold Ryan,,
3,Jesus Ocampo,,
3,Fred Hopkins,,
3,Berenike Kampe,,
3,Dan Campbell,,
3,Mike Caudle,,
3,Corinna Mitchell,,
3,Bart Watters,,
3,Joe Kamberova,,
3,Bryan Mills,,
3,Julia West,,
3,Dean Braden,,
3,Ruben Dartt,,
3,Justin Deggeller,,
3,Fred Wasserman,,
3,Debra Catini,,
3,Julia Dunbar,,
3,Sheri Gordon,,
3,Bart Pistole,,
3,Alice McCarthy,,
3,Dennis Pardue,,
3,Ben Peterman,,
3,Cathy Prescott,,
3,Benjamin Venier,,
3,Gene McClure,,
3,Ellis Ballard,,
3,Suzanne McNair,,
3,Mark Van Huff,,
3,Alan Barnes,,
3,John Huston,,
3,Sara Luxemburg,,
3,Denny Ordway,,
3,Chad McGuire,,
3,Scott Cohen,,
3,Ed Braxton,,
4,Michael Oakman,,
4,Cari Sayre,,
4,John Dryer,,
4,John Lucas,,
4,Nat Carroll,,
4,Greg Guthrie,,
4,Valerie Takahito,,
4,Ted Trevino,,
4,Carol Adams,,
4,Jennifer Ferguson,,
4,Thomas Thornton,,
4,Mark Hamilton,,
4,Peter Fuller,,
4,Frank Merwin,,
4,Resi Pölking,,
4,Mick Crebagga,,
4,Ivan Gibson,,
4,Dario Medina,,
4,Eugene Hildebrand,,
4,Patrick Ryan,,
4,Andy Reiter,,
4,Robert Dilbeck,,
4,Zuschuss Carroll,,
4,Anthony Witt,,
4,Heather Jas,,
4,Bill Tyler,,
4,Sonia Sunley,,
4,Eugene Barchas,,
4,Thea Hendricks,,
4,Frank Preis,,
4,Theone Pippenger,,
4,Brad Norvell,,
4,Sarah Brown,,
4,Denise Monton,,
4,George Ashbrook,,
4,Jessica Myrick,,
4,Darren Powers,,
4,Kelly Williams,,
4,Roland Fjeld,,
4,Deanra Eno,,
4,Nathan Cano,,
4,Michael Paige,,
4,Patrick Gardner,,
4,Erica Smith,,
4,Olvera Toch,,
4,Juliana Krohn,,
4,Annie Zypern,,
4,Deborah Brumfield,,
4,Jill Stevenson,,
4,Trudy Schmidt,,
4,Linda Southworth,,
4,Joel Eaton,,
4,Pierre Wener,,
4,Bart Watters,,
4,Sue Ann Reed,,
4,Greg Tran,,
4,Tony Chapman,,
4,Russell Applegate,,
4,Jim Kriz,,
4,Jane Waco,,
5,Jennifer Braxton,,
5,David Bremer,,
5,Patrick O'Brill,,
5,Noah Childs,,
5,Julia Barnett,,
5,Stewart Visinsky,,
5,Lena Cacioppo,,
5,Nicole Fjeld,,
5,Alan Schoenberger,,
5,Laura Armstrong,,
5,Anna Häberlin,,
5,Stuart Van,,
5,Anna Gayman,,
5,Chris Cortes,,
5,Claudia Bergmann,,
5,Allen Armold,,
5,Daniel Lacy,,
5,Alejandro Ballentine,,
5,Natalie Webber,,
5,Max Engle,,
5,Dennis Pardue,,
5,Alan Barnes,,
5,Paul Stevenson,,
5,Cindy Stewart,,
5,Larry Tron,,
5,Annie Zypern,,
5,Rose O'Brian,,
5,Ben Ferrer,,
5,Jesus Ocampo,,
5,Hunter Glantz,,
5,Fred Chung,,
5,Tracy Hopkins,,
5,Odella Nelson,,
5,Dianna Vittorini,,
5,Anthony Jacobs,,
5,Sheri Gordon,,
5,Joel Eaton,,
5,Michelle Ellison,,
5,Henry Goldwyn,,
5,Sarah Brown,,
5,Erin Ashbrook,,
5,Kristen Hastings,,
5,Nathan Mautz,,
5,Vivek Sundaresam,,
5,Justin Hirsh,,
5,Nora Pelletier,,
5,Craig Yedwab,,
5,Muhammed MacIntyre,,
5,Ruben Dartt,,
5,Pamela Stobb,,
5,Neil Knudson,,
5,Karl Braun,,
5,Maxwell Schwartz,,
5,Trudy Brown,,
5,John Lucas,,
5,Victoria Pisteka,,
5,Chad Cunningham,,
5,Edward Nazzal,,
5,Brendan Dodson,,
5,Stephanie Phelps,,
5,Sample Company A,,
5,Tamara Manning,,
5,Bill Donatelli,,
5,Muhammed Lee,,
5,Carl Weiss,,
5,Janet Molinari,,
5,Elizabeth Moffitt,,
6,Ashley Jarboe,,
6,Catherine Glotzbach,,
6,Lauren Leatherbury,,
6,Tracy Collins,,
6,Becky Pak,,
6,Edward Becker,,
6,Brenda Bowman,,
6,Eleni McCrary,,
6,Harold Dahlen,,
6,Maureen Gnade,,
6,Andrew Gjertsen,,
6,Anthony Garverick,,
6,Nathan Cano,,
6,Trudy Glocke,,
6,Max Jones,,
6,Brian Dahlen,,
6,Jim Epp,,
6,Giulietta Baptist,,
6,Laurel Elliston,,
6,Jonathan Howell,,
6,Sam Zeldin,,
6,Jennifer Jackson,,
6,Dave Hallsten,,
6,Penelope Sewall,,
6,Barbara Fisher,,
6,Frank Carlisle,,
6,Alan Dominguez,,
6,Peter Fuller,,
6,Amy Cox,,
6,Philip Brown,,
6,Lycoris Saunders,,
6,Lena Creighton,,
6,Skye Norling,,
6,Bruce Geld,,
6,Harold Ryan,,
6,Benjamin Venier,,
6,Keith Herrera,,
6,Logan Haushalter,,
6,Maria Etezadi,,
6,Katherine Murray,,
6,Paul Prost,,
6,Stewart Carmichael,,
6,Justin MacKendrick,,
6,Becky Castell,,
6,Emily Phan,,
6,Ken Lonsdale,,
6,Michael Grace,,
6,Shaun Weien,,
6,Christine Sundaresam,,
6,Randy Ferguson,,
6,Cathy Hwang,,
6,Jill Fjeld,,
6,Alan Barnes,,
6,Mark Van Huff,,
6,Laura Armstrong,,
6,Sue Ann Reed,,
6,Valerie Dominguez,,
6,Dennis Bolton,,
6,Craig Yedwab,,
6,Dorothy Wardle,,
6,Michelle Moray,,
6,Sheri Gordon,,
6,Neil Französisch,,
7,Richard Bierner,,
7,Rob Haberlin,,
7,Karl Braun,,
7,Steven Roelle,,
7,Frank Atkinson,,
7,Bruce Degenhardt,,
7,Deirdre Greer,,
7,Irene Maddox,,
7,Alan Dominguez,,
7,Julie Prescott,,
7,Victor Preis,,
7,Mitch Webber,,
7,Roland Schwarz,,
7,Kalyca Meade,,
7,Paul Prost,,
7,Sarah Jordon,,
7,Darrin Martin,,
7,Claudia Bergmann,,
7,Emily Burns,,
7,Brian Thompson,,
7,Matt Collins,,
7,Kean Nguyen,,
7,Mike Vittorini,,
7,Clytie Kelty,,
7,Shahid Collister,,
7,Todd Sumrall,,
7,Rob Lucas,,
7,Fred McMath,,
7,Natalie DeCherney,,
7,Sara Luxemburg,,
7,Neil Ducich,,
7,Toby Gnade,,
7,Eleni McCrary,,
7,Michael Granlund,,
7,Jessica Myrick,,
7,Michael Paige,,
7,Victoria Brennan,,
7,Roland Fjeld,,
7,Karen Carlisle,,
7,Pauline Johnson,,
7,Thais Sissman,,
7,Ralph Kennedy,,
7,Russell Applegate,,
7,Tracy Hopkins,,
7,Melanie Seite,,
7,Ross Baird,,
7,Yana Sorensen,,
7,Russell D'Ascenzo,,
7,Cynthia Arntzen,,
7,Helen Andreada,,
7,Bart Pistole,,
7,Cyma Kinney,,
7,Alan Shonely,,
7,Corey Catlett,,
7,Rick Hansen,,
7,Allen Rosenblatt,,
7,Steve Chapman,,
8,Pauline Chand,,
8,Corey-Lock,,
8,Brad Eason,,
8,Darren Koutras,,
8,Anna Häberlin,,
8,Michael Stewart,,
8,Rachel Payne,,
8,Noel Staavos,,
8,Parhena Norris,,
8,Kelly Williams,,
8,Eudokia Martin,,
8,Thomas Thornton,,
8,Denny Blanton,,
8,Rob Dowd,,
8,David Smith,,
8,Naresj Patel,,
8,Ruben Ausman,,
8,Hallie Redmond,,
8,Monica Federle,,
8,Julie Kriz,,
8,William Brown,,
8,Bill Donatelli,,
8,Barry Weirich,,
8,Philisse Overcash,,
8,Odella Nelson,,
8,Clytie Kelty,,
8,Ralph Arnett,,
8,Ed Jacobs,,
8,Sandra Flanagan,,
8,Grace Kelly,,
8,Tim Taslimi,,
8,Richard Eichhorn,,
8,John Murray,,
8,Sung Pak,,
8,Joni Wasserman,,
8,Shaun Chance,,
8,Steven Cartwright,,
8,Katherine Nockton,,
8,Henry Goldwyn,,
8,Sean Miller,,
8,Dave Poirier,,
8,Roger Barcio,,
8,Tamara Dahlen,,
8,Fred Harton,,
8,Cassandra Brandow,,
8,Eleni McCrary,,
8,Katrina Willman,,
8,Shahid Collister,,
8,Denny Ordway,,
8,Maurice Satty,,
8,Nancy Lomonaco,,
8,Mick Crebagga,,
8,Philip Fox,,
8,Chad Cunningham,,
8,Todd Sumrall,,
8,Ben Peterman,,
8,Suzanne McNair,,
8,Andrew Roberts,,
8,Scott Cohen,,
8,Shirley Daniels,,
8,Rick Huthwaite,,
9,Daniel Raglin,,
9,Julie Creighton,,
9,Mike Gockenbach,,
9,David Bremer,,
9,Ann Steele,,
9,Cathy Prescott,,
9,John Huston,,
9,Christine Sundaresam,,
9,Ken Black,,
9,David Smith,,
9,Shaun Chance,,
9,Arthur Gainer,,
9,Cathy Armstrong,,
9,Sung Pak,,
9,Tamara Willingham,,
9,Beth Thompson,,
9,Lori Olson,,
9,Chuck Clark,,
9,Cyma Kinney,,
9,Alyssa Tate,,
9,Brendan Sweed,,
9,Shaun Weien,,
9,Helen Andreada,,
9,Charles Crestani,,
9,Corey Catlett,,
9,Tanja Norvell,,
9,Neoma Murray,,
9,Victoria Wilson,,
9,Aimee Bixby,,
9,Edward Hooks,,
9,Matt Collins,,
9,Bobby Odegard,,
9,Alex Russell,,
9,Steven Cartwright,,
9,Don Miller,,
9,George Bell,,
9,Skye Norling,,
9,Paul Gonzalez,,
9,Tamara Manning,,
9,Craig Carreira,,
9,Zuschuss Carroll,,
9,Harry Greene,,
9,Jonathan Howell,,
9,Anne McFarland,,
9,Ken Dana,,
9,Christina Anderson,,
9,Christopher Martinez,,
9,Craig Carroll,,
9,Brad Eason,,
9,Nat Gilpin,,
9,Carol Triggs,,
9,Brendan Murry,,
9,Natalie Webber,,
9,Ann Chong,,
9,Bradley Drucker,,
9,Tracy Blumstein,,
9,Meg O'Connel,,
9,Sylvia Foulston,,
9,Lindsay Shagiari,,
9,Denny Blanton,,
9,Cari Sayre,,
9,Peter Fuller,,
9,Trudy Glocke,,
9,Ken Heidel,,
9,Justin Ritter,,
9,Adam Bellavance,,
9,Charlotte Melton,,
9,Tracy Collins,,
9,Nicole Hansen,,
9,Rick Wilson,,
9,Giulietta Weimer,,
9,Marc Harrigan,,
9,Frank Carlisle,,
9,Alejandro Grove,,
9,Tamara Chand,,
9,Barry Gonzalez,,
9,Theone Pippenger,,
9,Stuart Van,,
9,Chad Sievert,,
9,Cynthia Delaney,,
9,Duane Huffman,,
9,Tracy Hopkins,,
9,Giulietta Baptist,,
9,Michael Grace,,
9,Sanjit Jacobs,,
9,Frank Olsen,,
9,Muhammed MacIntyre,,
9,Deanra Eno,,
9,Steve Carroll,,
9,Max Engle,,
9,Carlos Meador,,
9,Kunst Miller,,
9,Maria Bertelson,,
9,Jamie Frazer,,
9,Emily Burns,,
9,Phillina Ober,,
9,Dan Reichenbach,,
9,Erica Hackney,,
9,Dana Kaydos,,
9,Sally Hughsby,,
9,Marina Lichtenstein,,
9,Carlos Soltero,,
9,Sarah Foster,,
9,Bryan Spruell,,
9,Gene McClure,,
9,Rick Huthwaite,,
9,Helen Wasserman,,
9,Jamie Kunitz,,
9,Saphhira Shifley,,
9,Jennifer Jackson,,
9,Roy Phan,,
10,Shaun Chance,,
10,Robert Marley,,
10,Eric Murdock,,
10,Ed Braxton,,
10,Jennifer Patt,,
10,Christopher Schild,,
10,Nora Pelletier,,
10,Henry MacAllister,,
10,Michael Paige,,
10,Sheri Gordon,,
10,Resi Pölking,,
10,Chloris Kastensmidt,,
10,Bryan Mills,,
10,Mary Zewe,,
10,Bruce Stewart,,
10,Denny Joy,,
10,Alex Avila,,
10,Julie Kriz,,
10,Joel Jenkins,,
10,Maria Bertelson,,
10,Ivan Liston,,
10,Brian Thompson,,
10,Gene Hale,,
10,Dave Kipp,,
10,Tim Brockman,,
10,Brian Moss,,
10,Sonia Cooley,,
10,Fred McMath,,
10,John Dryer,,
10,David Philippe,,
10,Katherine Nockton,,
10,Sean O'Donnell,,
10,Shahid Hopkins,,
10,Mark Packer,,
10,Ralph Kennedy,,
10,Daniel Lacy,,
10,Kelly Andreada,,
10,Art Foster,,
10,Pete Armstrong,,
10,Joel Eaton,,
10,Guy Armstrong,,
10,Claire Gute,,
10,Charlotte Melton,,
10,Kristina Nunn,,
10,John Castell,,
10,Nicole Hansen,,
10,Cari Schnelling,,
10,Noel Staavos,,
10,Maxwell Schwartz,,
10,Stewart Visinsky,,
10,Liz Thompson,,
10,Gene McClure,,
10,Jay Fein,,
10,Ralph Arnett,,
10,Andrew Gjertsen,,
10,Joe Elijah,,
10,Craig Carroll,,
10,Michelle Tran,,
10,Robert Dilbeck,,
10,Trudy Brown,,
10,Heather Kirkland,,
10,Jennifer Ferguson,,
10,Deirdre Greer,,
10,Maribeth Yedwab,,
10,Kristen Hastings,,
10,Rob Dowd,,
10,Nona Balk,,
10,Cathy Hwang,,
10,Frank Atkinson,,
10,Thomas Thornton,,
10,Barry Französisch,,
10,Harold Pawlan,,
10,Kean Thornton,,
10,Damala Kotsonis,,
10,Sandra Glassco,,
11,Valerie Mitchum,,
11,Quincy Jones,,
11,Valerie Dominguez,,
11,Guy Armstrong,,
11,Justin Hirsh,,
11,Jeremy Farry,,
11,Jas O'Carroll,,
11,Kelly Collister,,
11,Scot Wooten,,
11,Liz Thompson,,
11,Barry Blumstein,,
11,Emily Grady,,
11,Corinna Mitchell,,
11,Fred Hopkins,,
11,George Bell,,
11,Grant Thornton,,
11,Justin MacKendrick,,
11,Ken Lonsdale,,
11,Christy Brittain,,
11,Meg Tillman,,
11,Karen Bern,,
11,Mike Caudle,,
11,Stewart Visinsky,,
11,Christine Phan,,
11,Doug O'Connell,,
11,Adrian Barton,,
11,Helen Abelman,,
11,Maria Zettner,,
11,Amy Cox,,
11,Duane Benoit,,
11,Shaun Weien,,
11,Rob Haberlin,,
11,Rob Dowd,,
11,Keith Dawkins,,
11,Noel Staavos,,
11,Charlotte Melton,,
11,Adam Shillingsburg,,
11,Dean percer,,
11,Dianna Vittorini,,
11,Jesus Ocampo,,
11,Anthony Garverick,,
11,Steve Chapman,,
11,Philisse Overcash,,
11,Andrew Gjertsen,,
11,Anna Häberlin,,
11,Monica Federle,,
11,Eugene Barchas,,
11,Lena Cacioppo,,
11,Allen Armold,,
11,Arthur Wiediger,,
11,Fred McMath,,
11,Keith Herrera,,
11,Patrick Jones,,
11,Lycoris Saunders,,
11,Maureen Gastineau,,
11,Ken Black,,
11,Gary Zandusky,,
11,Dean Katz,,
11,Victoria Pisteka,,
11,Heather Kirkland,,
11,Matt Connell,,
11,Greg Hansen,,
11,Brian Stugart,,
11,Anna Andreadi,,
11,Aleksandra Gannaway,,
11,Katherine Ducich,,
11,Brian Moss,,
11,Skye Norling,,
11,Dan Lawera,,
11,Lena Creighton,,
11,Patrick Bzostek,,
11,Katrina Bavinger,,
11,Jamie Kunitz,,
11,Grace Kelly,,
11,Sung Shariari,,
11,Phillina Ober,,
11,Michelle Moray,,
11,Kelly Williams,,
11,Carol Adams,,
11,Denise Leinenbach,,
11,Eudokia Martin,,
11,Brenda Bowman,,
11,John Huston,,
11,Irene Maddox,,
11,Meg O'Connel,,
11,Anne Pryor,,
11,Marc Crier,,
11,Harold Dahlen,,
11,Victoria Brennan,,
11,Kunst Miller,,
11,Toby Swindell,,
11,Sandra Flanagan,,
11,Guy Phonely,,
11,Stefanie Holloman,,
11,Denny Ordway,,
11,Carlos Daly,,
11,Thomas Brumley,,
11,Jeremy Ellison,,
11,Steve Nguyen,,
11,Eugene Hildebrand,,
11,Dan Reichenbach,,
11,Tom Prescott,,
11,Mark Cousins,,
11,Evan Bailliet,,
11,Michelle Arnett,,
11,Ashley Jarboe,,
11,Sylvia Foulston,,
11,Bill Tyler,,
11,Anthony Witt,,
11,Eileen Kiefer,,
11,Deborah Brumfield,,
11,Paul Stevenson,,
11,Raymond Messe,,
11,Janet Lee,,
11,Lena Radford,,
12,Logan Currie,,
12,Neoma Murray,,
12,Beth Thompson,,
12,Keith Dawkins,,
12,Lindsay Castell,,
12,Matt Abelman,,
12,Dean Katz,,
12,Mark Packer,,
12,Alejandro Ballentine,,
12,Bill Stewart,,
12,Pierre Wener,,
12,Jack Garza,,
12,Harold Pawlan,,
12,Ritsa Hightower,,
12,Sean O'Donnell,,
12,Maribeth Schnelling,,
12,Michael Stewart,,
12,Rose O'Brian,,
12,Harry Marie,,
12,Tracy Zic,,
12,Matt Hagelstein,,
12,Scot Wooten,,
12,Stephanie Ulpright,,
12,Sandra Flanagan,,
12,Brian Derr,,
12,George Bell,,
12,Rick Reed,,
12,Naresj Patel,,
12,Katrina Willman,,
12,Gary Hwang,,
12,Dennis Kane,,
12,Nora Pelletier,,
12,Ivan Liston,,
12,Art Ferguson,,
12,Mike Pelletier,,
12,David Bremer,,
12,Darren Koutras,,
12,Melanie Seite,,
12,Alan Hwang,,
12,Kristen Hastings,,
12,Tonja Turnell,,
12,Joel Jenkins,,
12,Yana Sorensen,,
12,Henry Goldwyn,,
12,Kalyca Meade,,
12,Frank Carlisle,,
12,Julia West,,
12,Meg Tillman,,
12,Ryan Akin,,
12,Shaun Weien,,
12,Stuart Calhoun,,
12,Lena Creighton,,
12,Jim Kriz,,
12,Cynthia Arntzen,,
12,Liz Thompson,,
12,Eric Murdock,,
12,Xylona Preis,,
12,Helen Abelman,,
12,Jonathan Doherty,,
12,Karen Daniels,,
12,Rachel Payne,,
12,Rob Dowd,,
12,Dean percer,,
12,Muhammed MacIntyre,,
12,Doug Jacobs,,
12,Rick Duston,,
12,Paul Prost,,
12,Eric Hoffmann,,
12,Ashley Jarboe,,
12,Darren Budd,,
12,Joseph Holt,,
12,Natalie Fritzler,,
12,Sandra Glassco,,
12,John Lee,,
12,Paul Gonzalez,,
12,Liz MacKendrick,,
12,Mitch Webber,,
12,Michael Kennedy,,
12,Robert Barroso,,
12,James Galang,,
12,Jay Kimmel,,
12,Patrick Ryan,,
12,Peter McVee,,
12,Eileen Kiefer,,
12,Arthur Gainer,,
12,Chad Sievert,,
12,Maya Herman,,
12,Gary Zandusky,,
12,Evan Minnotte,,
12,John Murray,,
12,Emily Ducich,,
12,John Stevenson,,
12,Elpida Rittenbach,,
12,Lynn Smith,,
12,Roger Demir,,
12,Adam Hart,,
12,Sam Zeldin,,
12,Harold Ryan,,
12,Bradley Drucker,,
12,Jim Radford,,
12,Kean Takahito,,
12,Justin Deggeller,,
12,Maria Bertelson,,
12,Dionis Lloyd,,
12,Lena Hernandez,,
12,Sean Miller,,
12,Brian Dahlen,,
12,Roger Barcio,,
12,David Flashing,,
12,Steve Nguyen,,
12,Brad Thomas,,
12,Daniel Raglin,,
12,Richard Eichhorn,,
12,Fred Harton,,
12,Clay Ludtke,,
12,Trudy Brown,,
12,Karen Carlisle,,
12,Anna Häberlin,,
1,Brendan Murry,,
1,Lena Radford,,
1,Christine Abelman,,
1,Bill Overfelt,,
1,Erica Bern,,
1,Ben Peterman,,
1,Anthony Johnson,,
1,Dianna Wilson,,
1,Neoma Murray,,
1,Laura Armstrong,,
1,Maureen Fritzler,,
1,Ken Black,,
1,Joy Bell-,,
1,Deanra Eno,,
1,Mark Packer,,
1,Anna Gayman,,
1,Dean percer,,
1,Roy Collins,,
1,William Brown,,
1,Bill Eplett,,
1,Eric Hoffmann,,
1,Chuck Clark,,
1,Dionis Lloyd,,
1,Tamara Dahlen,,
1,Paul Gonzalez,,
1,Carlos Meador,,
1,Marc Crier,,
1,Frank Preis,,
1,Bradley Talbott,,
1,Toby Braunhardt,,
1,Christy Brittain,,
1,Henry Goldwyn,,
1,Todd Boyes,,
1,Jonathan Doherty,,
1,Jeremy Farry,,
1,Steven Cartwright,,
1,Tim Brockman,,
1,Harold Engle,,
1,David Flashing,,
1,Sample Company A,,
1,Aimee Bixby,,
1,Jason Klamczynski,,
1,Ben Ferrer,,
2,Suzanne McNair,,
2,Adrian Barton,,
2,Sanjit Engle,,
2,Noel Staavos,,
2,Liz Carlisle,,
2,Tracy Blumstein,,
2,Maribeth Schnelling,,
2,Jennifer Braxton,,
2,Paul Prost,,
2,Annie Zypern,,
2,Karen Bern,,
2,Christina Anderson,,
2,Bobby Elias,,
2,Erica Bern,,
2,Cathy Hwang,,
2,Justin Ritter,,
2,Phillip Breyer,,
2,John Stevenson,,
2,Ross DeVincentis,,
2,Dave Kipp,,
2,Fred McMath,,
2,Patrick Gardner,,
2,Erin Ashbrook,,
2,John Dryer,,
2,Giulietta Weimer,,
2,Greg Tran,,
2,Alan Hwang,,
2,Matthew Clasen,,
2,Benjamin Venier,,
2,Paul Van Hugh,,
2,Tracy Zic,,
2,Alyssa Crouse,,
2,Bruce Degenhardt,,
2,Dan Lawera,,
2,Don Weiss,,
2,Rick Reed,,
2,Lena Cacioppo,,
3,Karen Daniels,,
3,Odella Nelson,,
3,Brosina Hoffman,,
3,Jason Gross,,
3,Craig Carreira,,
3,Chris Cortes,,
3,Theresa Swint,,
3,Michael Granlund,,
3,Randy Ferguson,,
3,Rick Duston,,
3,Eleni McCrary,,
3,Rob Williams,,
3,Julia Barnett,,
3,Lena Cacioppo,,
3,Zuschuss Carroll,,
3,Patrick Gardner,,
3,Brian DeCherney,,
3,Giulietta Baptist,,
3,Sanjit Jacobs,,
3,Stephanie Phelps,,
3,Pamela Stobb,,
3,Caroline Jumper,,
3,Bryan Davis,,
3,Karen Ferguson,,
3,Rick Huthwaite,,
3,Maya Herman,,
3,Mick Brown,,
3,Julie Prescott,,
3,Brad Thomas,,
3,Clytie Kelty,,
3,Scot Wooten,,
3,Tamara Willingham,,
3,Liz Thompson,,
3,Adam Bellavance,,
3,Edward Hooks,,
3,Stewart Carmichael,,
3,Dennis Bolton,,
3,Henia Zydlo,,
3,John Stevenson,,
3,Muhammed MacIntyre,,
3,Sibella Parks,,
3,Paul Lucas,,
3,Muhammed Yedwab,,
3,Christine Sundaresam,,
3,Gary Zandusky,,
3,Anna Chung,,
3,Rose O'Brian,,
3,Bobby Trafton,,
3,Susan Vittorini,,
3,Corey Catlett,,
3,Peter Bühler,,
3,Robert Dilbeck,,
3,Aaron Hawkins,,
3,Kean Takahito,,
3,Dario Medina,,
3,Robert Barroso,,
3,Dan Reichenbach,,
3,Vivek Grady,,
3,Toby Braunhardt,,
3,David Smith,,
3,Aaron Smayling,,
3,Maria Etezadi,,
3,Janet Martin,,
3,Troy Blackwell,,
3,Carlos Soltero,,
3,Erica Hackney,,
4,Raymond Buch,,
4,Barry Blumstein,,
4,Don Weiss,,
4,Thomas Boland,,
4,Daniel Byrd,,
4,Denny Joy,,
4,Carlos Soltero,,
4,Zuschuss Donatelli,,
4,Steven Roelle,,
4,Maria Etezadi,,
4,Evan Henry,,
4,Becky Castell,,
4,Justin Hirsh,,
4,Yoseph Carroll,,
4,Dorris liebe,,
4,Sarah Foster,,
4,Erin Smith,,
4,Alan Shonely,,
4,Jeremy Lonsdale,,
4,Logan Currie,,
4,Clytie Kelty,,
4,Raymond Messe,,
4,Christine Kargatis,,
4,Edward Becker,,
4,Sean Wendt,,
4,Herbert Flentye,,
4,Justin Ritter,,
4,Filia McAdams,,
4,Brian Thompson,,
4,Quincy Jones,,
4,Brian Dahlen,,
4,Beth Paige,,
4,Jason Fortune-,,
4,Susan Pistek,,
4,Philip Brown,,
4,Kean Takahito,,
4,Tom Boeckenhauer,,
4,Jill Matthias,,
4,Ross Baird,,
4,Bill Donatelli,,
4,Julie Kriz,,
4,Arthur Prichep,,
4,Bill Shonely,,
4,Bryan Mills,,
4,Pete Kriz,,
4,Charles Sheldon,,
4,Clay Rozendal,,
4,Roy Französisch,,
4,Thea Hudgings,,
4,Cindy Schnelling,,
4,Jas O'Carroll,,
4,Sibella Parks,,
4,Duane Noonan,,
4,Tanja Norvell,,
4,Ed Ludwig,,
4,Tonja Turnell,,
4,Paul Gonzalez,,
4,Michael Moore,,
4,Grace Kelly,,
4,Heather Kirkland,,
4,Max Jones,,
4,Art Ferguson,,
4,Cathy Armstrong,,
4,Jack Lebron,,
4,Craig Leslie,,
4,Dennis Bolton,,
4,Nona Balk,,
4,Erica Hernandez,,
4,Bill Overfelt,,
4,Rob Beeghly,,
4,Ken Dana,,
5,Chris McAfee,,
5,Bryan Davis,,
5,Dan Lawera,,
5,Adam Shillingsburg,,
5,Nick Radford,,
5,Edward Hooks,,
5,Christy Brittain,,
5,Susan MacKendrick,,
5,Natalie DeCherney,,
5,Barry Franz,,
5,Darrin Martin,,
5,Zuschuss Donatelli,,
5,Amy Hunt,,
5,Lindsay Williams,,
5,Rick Bensley,,
5,Brad Eason,,
5,Art Ferguson,,
5,Gene McClure,,
5,Caroline Jumper,,
5,George Bell,,
5,Clay Ludtke,,
5,Sonia Sunley,,
5,Julia West,,
5,Ricardo Sperren,,
5,Mick Brown,,
5,Thea Hendricks,,
5,Cynthia Voltz,,
5,Roger Demir,,
5,Christopher Schild,,
5,Vivek Grady,,
5,Filia McAdams,,
5,Jill Matthias,,
5,Harry Marie,,
5,Vivian Mathis,,
5,Logan Haushalter,,
5,Michael Kennedy,,
5,Tiffany House,,
5,Thomas Thornton,,
5,Darren Powers,,
5,Michael Nguyen,,
5,Jim Radford,,
5,Denny Ordway,,
5,Sanjit Chand,,
5,Roy Phan,,
5,Arthur Gainer,,
5,Luke Weiss,,
5,Eric Barreto,,
5,Bradley Nguyen,,
5,Bill Tyler,,
5,Joe Kamberova,,
5,Dean Braden,,
5,Eugene Hildebrand,,
5,Linda Cazamias,,
5,Christine Phan,,
5,Alejandro Savely,,
5,Sally Hughsby,,
5,Jeremy Farry,,
5,Jim Epp,,
5,Lisa DeCherney,,
5,Ken Lonsdale,,
5,Anne Pryor,,
5,Christopher Conant,,
5,Maurice Satty,,
5,Toby Braunhardt,,
5,Cathy Prescott,,
5,Brian Stugart,,
5,Lynn Smith,,
5,Valerie Dominguez,,
5,Kimberly Carter,,
5,Tanja Norvell,,
5,Rob Lucas,,
5,Raymond Buch,,
5,Maribeth Yedwab,,
5,Robert Waldorf,,
5,Justin MacKendrick,,
5,Nancy Lomonaco,,
5,Eugene Moren,,
5,Jason Gross,,
5,Edward Becker,,
5,Annie Thurman,,
5,Beth Paige,,
5,Neoma Murray,,
6,Karen Carlisle,,
6,Edward Hooks,,
6,Christine Phan,,
6,Karen Daniels,,
6,Edward Nazzal,,
6,Joni Sundaresam,,
6,Janet Lee,,
6,Ken Brennan,,
6,Roy Collins,,
6,Scot Coram,,
6,Clytie Kelty,,
6,Liz Preis,,
6,Ross DeVincentis,,
6,Frank Merwin,,
6,Roy Skaria,,
6,Greg Matthias,,
6,Toby Carlisle,,
6,Dean Braden,,
6,Benjamin Farhat,,
6,Olvera Toch,,
6,Joy Bell-,,
6,Mary Zewe,,
6,Erica Smith,,
6,Sanjit Engle,,
6,Seth Vernon,,
6,Darrin Van Huff,,
6,Philisse Overcash,,
6,Craig Reiter,,
6,Christy Brittain,,
6,Erin Ashbrook,,
6,Arthur Wiediger,,
6,Sample Company A,,
6,Sonia Sunley,,
6,Greg Tran,,
6,Paul Van Hugh,,
6,Marc Harrigan,,
6,Ed Braxton,,
6,Jim Sink,,
6,Vivian Mathis,,
6,Lynn Smith,,
6,Bill Donatelli,,
6,James Lanier,,
6,Ted Butterfield,,
6,Ivan Gibson,,
6,Fred McMath,,
6,Mike Vittorini,,
6,Denise Monton,,
6,Lena Hernandez,,
6,Dave Poirier,,
6,Bill Shonely,,
6,Adam Shillingsburg,,
6,Irene Maddox,,
6,Ruben Dartt,,
6,Sally Matthias,,
6,Hunter Lopez,,
6,Theresa Swint,,
6,Alan Shonely,,
6,Logan Currie,,
6,John Grady,,
6,Gene McClure,,
6,Alejandro Ballentine,,
6,Duane Noonan,,
6,Lela Donovan,,
6,Adam Hart,,
6,Victoria Pisteka,,
6,Phillip Flathmann,,
6,Katharine Harms,,
6,Anna Chung,,
6,Roland Fjeld,,
6,Chris Selesnick,,
6,Philip Fox,,
6,Adrian Hane,,
7,Jay Fein,,
7,Stephanie Ulpright,,
7,Nick Zandusky,,
7,George Bell,,
7,Katherine Hughes,,
7,Erin Ashbrook,,
7,Guy Thornton,,
7,Dean Katz,,
7,Filia McAdams,,
7,Anna Andreadi,,
7,Rick Bensley,,
7,Raymond Messe,,
7,Barry Französisch,,
7,Christopher Conant,,
7,Chad Cunningham,,
7,Max Jones,,
7,Scot Coram,,
7,Joe Elijah,,
7,Chris Cortes,,
7,Zuschuss Donatelli,,
7,Thea Hudgings,,
7,Allen Armold,,
7,Logan Haushalter,,
7,Kristen Hastings,,
7,Erin Smith,,
7,Theone Pippenger,,
7,Steven Ward,,
7,Bryan Mills,,
7,Dan Reichenbach,,
7,Richard Eichhorn,,
7,John Stevenson,,
7,Anemone Ratner,,
7,Raymond Buch,,
7,Rick Huthwaite,,
7,Mark Cousins,,
7,Alice McCarthy,,
7,Ruben Ausman,,
7,Matt Collister,,
7,Andrew Allen,,
7,Dennis Kane,,
7,Annie Thurman,,
7,Linda Southworth,,
7,Katharine Harms,,
7,Jennifer Patt,,
7,Susan Vittorini,,
7,Nora Paige,,
7,Neil Knudson,,
7,Joy Smith,,
7,Tracy Collins,,
7,Jason Gross,,
7,Beth Paige,,
7,Damala Kotsonis,,
7,Dionis Lloyd,,
7,Caroline Jumper,,
7,Kristina Nunn,,
7,Maureen Fritzler,,
7,Jennifer Braxton,,
7,Neil Französisch,,
7,Ivan Liston,,
7,Darren Budd,,
7,James Galang,,
7,Sanjit Chand,,
7,Christy Brittain,,
7,Larry Blacks,,
7,Rick Reed,,
7,Ken Heidel,,
7,Meg Tillman,,
7,Bill Eplett,,
7,Sally Hughsby,,
7,Steve Carroll,,
7,Khloe Miller,,
7,Olvera Toch,,
7,Barry Franz,,
7,Pierre Wener,,
7,Ritsa Hightower,,
7,Lindsay Shagiari,,
7,Rob Williams,,
7,Anna Häberlin,,
8,Susan Gilcrest,,
8,Thomas Seio,,
8,Khloe Miller,,
8,Barry Französisch,,
8,Alex Grayson,,
8,Max Ludwig,,
8,Linda Cazamias,,
8,Maureen Fritzler,,
8,Liz MacKendrick,,
8,Jill Fjeld,,
8,Corinna Mitchell,,
8,Cathy Armstrong,,
8,Charles Crestani,,
8,Helen Andreada,,
8,Michelle Tran,,
8,Lena Cacioppo,,
8,Chris McAfee,,
8,Becky Castell,,
8,Cindy Schnelling,,
8,Nora Preis,,
8,Deborah Brumfield,,
8,Erin Mull,,
8,Theresa Swint,,
8,Hunter Glantz,,
8,Roy Französisch,,
8,Carol Triggs,,
8,Jill Matthias,,
8,Toby Ritter,,
8,Max Engle,,
8,Craig Yedwab,,
8,John Castell,,
8,Christopher Conant,,
8,Pete Kriz,,
8,Anthony O'Donnell,,
8,Neoma Murray,,
8,Helen Wasserman,,
8,Greg Guthrie,,
8,Natalie Fritzler,,
8,Resi Pölking,,
8,Dianna Wilson,,
8,Stephanie Ulpright,,
8,Rick Bensley,,
8,Scot Coram,,
8,Jay Kimmel,,
8,Dorothy Dickinson,,
8,Sheri Gordon,,
8,Deirdre Greer,,
8,Tony Chapman,,
8,Pauline Webber,,
8,Mick Hernandez,,
8,Vivek Grady,,
8,Tom Stivers,,
8,Dan Reichenbach,,
8,Shirley Schmidt,,
8,Andrew Allen,,
8,Xylona Preis,,
8,Ken Dana,,
8,Stuart Van,,
8,Sung Shariari,,
8,Ted Butterfield,,
8,Todd Boyes,,
8,Elizabeth Moffitt,,
8,Tom Prescott,,
8,Edward Becker,,
8,Adam Bellavance,,
8,Meg O'Connel,,
8,George Bell,,
8,Patrick O'Brill,,
8,Bruce Geld,,
8,Theone Pippenger,,
9,Cynthia Voltz,,
9,Dean Katz,,
9,Patrick Gardner,,
9,Laurel Beltran,,
9,Karen Daniels,,
9,Sonia Sunley,,
9,Rob Lucas,,
9,Joe Elijah,,
9,Toby Gnade,,
9,Ross DeVincentis,,
9,Lena Radford,,
9,Paul Knutson,,
9,Julie Kriz,,
9,Filia McAdams,,
9,Craig Yedwab,,
9,Rob Beeghly,,
9,Matt Hagelstein,,
9,Ivan Liston,,
9,Delfina Latchford,,
9,Anna Andreadi,,
9,Mick Brown,,
9,Jeremy Pistek,,
9,Ionia McGrath,,
9,Jonathan Doherty,,
9,Pete Kriz,,
9,Toby Ritter,,
9,Anthony Rawles,,
9,Jasper Cacioppo,,
9,Gary Hansen,,
9,Joseph Holt,,
9,Mark Van Huff,,
9,Stephanie Ulpright,,
9,Maribeth Dona,,
9,Elizabeth Moffitt,,
9,Dean Braden,,
9,Fred Wasserman,,
9,Elpida Rittenbach,,
9,Mary O'Rourke,,
9,Karl Braun,,
9,Bruce Geld,,
9,Yoseph Carroll,,
9,Anna Gayman,,
9,Valerie Mitchum,,
9,Anne Pryor,,
9,Jill Matthias,,
9,Pauline Johnson,,
9,Liz Preis,,
9,Troy Staebel,,
9,Annie Thurman,,
9,Daniel Byrd,,
9,Parhena Norris,,
9,Catherine Glotzbach,,
9,Kean Thornton,,
9,Steve Chapman,,
9,Bryan Davis,,
9,Dianna Vittorini,,
9,Kelly Collister,,
9,Giulietta Dortch,,
9,Nick Zandusky,,
9,Jill Fjeld,,
9,Eugene Barchas,,
9,Trudy Brown,,
9,Linda Cazamias,,
9,Ryan Crowe,,
9,Ben Peterman,,
9,Anthony Johnson,,
9,Philisse Overcash,,
9,Matt Collister,,
9,Adam Hart,,
9,Justin Deggeller,,
9,Angele Hood,,
9,Corey Roper,,
9,Jim Sink,,
9,Cindy Stewart,,
9,Laura Armstrong,,
9,Patrick O'Donnell,,
9,Henry MacAllister,,
9,Nona Balk,,
9,Seth Vernon,,
9,Magdelene Morse,,
9,Patrick O'Brill,,
9,Jane Waco,,
9,Bill Donatelli,,
9,Eugene Hildebrand,,
9,Scot Wooten,,
9,Clytie Kelty,,
9,Frank Hawley,,
9,Greg Maxwell,,
9,Helen Abelman,,
9,Edward Nazzal,,
9,Heather Jas,,
9,Pierre Wener,,
9,Amy Cox,,
9,Robert Dilbeck,,
9,Anna Chung,,
9,Chris Selesnick,,
9,Nora Pelletier,,
9,Kelly Lampkin,,
9,Candace McMahon,,
9,Darrin Van Huff,,
9,Clay Rozendal,,
9,Dave Poirier,,
9,Edward Becker,,
9,Craig Leslie,,
9,Benjamin Patterson,,
9,Ruben Dartt,,
9,Michael Kennedy,,
9,Adrian Barton,,
9,Katrina Edelman,,
9,Julia West,,
9,Tony Sayre,,
9,Aaron Smayling,,
9,Dan Lawera,,
9,Natalie Fritzler,,
9,Steve Nguyen,,
9,Charles Sheldon,,
9,Chuck Magee,,
9,Dorothy Wardle,,
9,Shahid Collister,,
9,Harry Marie,,
9,James Galang,,
9,Linda Southworth,,
9,Chad Cunningham,,
9,Pamela Stobb,,
9,Joe Kamberova,,
9,Andy Reiter,,
9,Erin Smith,,
9,Maris LaWare,,
9,Sarah Jordon,,
9,Greg Matthias,,
10,Brian DeCherney,,
10,Greg Matthias,,
10,Jamie Kunitz,,
10,Tim Taslimi,,
10,Liz Preis,,
10,Tamara Chand,,
10,Hunter Lopez,,
10,Emily Burns,,
10,Tracy Poddar,,
10,Mary O'Rourke,,
10,Daniel Raglin,,
10,Melanie Seite,,
10,Anna Häberlin,,
10,Jonathan Howell,,
10,Laurel Beltran,,
10,Dionis Lloyd,,
10,Cindy Chapman,,
10,Arthur Wiediger,,
10,Mick Crebagga,,
10,Bart Watters,,
10,Peter McVee,,
10,Doug Bickford,,
10,Maria Zettner,,
10,Erica Bern,,
10,Corey Catlett,,
10,William Brown,,
10,Emily Phan,,
10,Lena Creighton,,
10,Christine Phan,,
10,Nathan Cano,,
10,Pauline Webber,,
10,Bobby Elias,,
10,Patrick Bzostek,,
10,Cynthia Delaney,,
10,Quincy Jones,,
10,Neil Knudson,,
10,Michael Granlund,,
10,Frank Carlisle,,
10,Nick Radford,,
10,Luke Foster,,
10,Chuck Magee,,
10,Joy Smith,,
10,Lindsay Castell,,
10,Muhammed Yedwab,,
10,Michael Kennedy,,
10,Neoma Murray,,
10,Charles McCrossin,,
10,Susan Vittorini,,
10,Victoria Wilson,,
10,Dennis Pardue,,
10,Giulietta Weimer,,
10,Carlos Soltero,,
10,Anne Pryor,,
10,Eric Barreto,,
10,MaryBeth Skach,,
10,Steven Roelle,,
10,Alejandro Ballentine,,
10,Catherine Glotzbach,,
10,Sonia Sunley,,
10,Emily Ducich,,
10,Jill Stevenson,,
10,Jeremy Ellison,,
10,Ben Wallace,,
10,Jonathan Doherty,,
10,Alejandro Savely,,
10,Patrick Gardner,,
10,Suzanne McNair,,
10,Denise Leinenbach,,
10,Victoria Brennan,,
10,Jim Mitchum,,
10,Katrina Willman,,
10,Logan Haushalter,,
10,Jason Fortune-,,
10,Susan Pistek,,
10,Bill Donatelli,,
10,Frank Olsen,,
10,Helen Wasserman,,
11,Katherine Murray,,
11,Cindy Schnelling,,
11,Xylona Preis,,
11,Clay Ludtke,,
11,Sarah Foster,,
11,Phillip Flathmann,,
11,Julie Prescott,,
11,Roy Collins,,
11,Alejandro Savely,,
11,Lisa Hazard,,
11,Thomas Thornton,,
11,Tracy Poddar,,
11,Maureen Fritzler,,
11,Carl Weiss,,
11,Elpida Rittenbach,,
11,Cindy Chapman,,
11,Christopher Schild,,
11,Emily Phan,,
11,Joseph Holt,,
11,Nora Preis,,
11,Logan Haushalter,,
11,Liz Willingham,,
11,Kelly Lampkin,,
11,Max Jones,,
11,Claudia Bergmann,,
11,Penelope Sewall,,
11,Luke Weiss,,
11,Michael Chen,,
11,Marina Lichtenstein,,
11,Lisa DeCherney,,
11,Claire Gute,,
11,Philip Fox,,
11,Pamela Coakley,,
11,Chuck Clark,,
11,Debra Catini,,
11,Art Foster,,
11,Paul Prost,,
11,Kalyca Meade,,
11,Sally Hughsby,,
11,Arianne Irving,,
11,Ben Ferrer,,
11,Rose O'Brian,,
11,Seth Vernon,,
11,Aaron Bergman,,
11,Scott Williamson,,
11,Bryan Davis,,
11,Berenike Kampe,,
11,Laurel Beltran,,
11,Edward Becker,,
11,Liz Pelletier,,
11,Sung Chung,,
11,Maurice Satty,,
11,Frank Hawley,,
11,Dianna Wilson,,
11,Frank Merwin,,
11,Cindy Stewart,,
11,Adrian Shami,,
11,Cyma Kinney,,
11,Ralph Ritter,,
11,Maria Bertelson,,
11,Tim Brockman,,
11,Ryan Crowe,,
11,Stewart Carmichael,,
11,Toby Gnade,,
11,Ionia McGrath,,
11,Heather Jas,,
11,Sean Braxton,,
11,Karen Carlisle,,
11,Patrick Gardner,,
11,Bobby Elias,,
11,Doug Jacobs,,
11,Eric Hoffmann,,
11,Nora Pelletier,,
11,Tim Taslimi,,
11,Janet Molinari,,
11,Nora Paige,,
11,Nick Zandusky,,
11,Allen Goldenen,,
11,David Wiener,,
11,Barbara Fisher,,
11,Shirley Jackson,,
11,Frank Atkinson,,
11,Brendan Murry,,
11,Chloris Kastensmidt,,
11,Mike Vittorini,,
11,Todd Boyes,,
11,Cathy Armstrong,,
11,Matthew Grinstein,,
11,Nat Carroll,,
11,Neola Schneider,,
11,Carol Darley,,
11,Sung Pak,,
11,Laura Armstrong,,
11,Clay Rozendal,,
11,Sample Company A,,
11,Barry Pond,,
11,Jay Kimmel,,
11,Mark Hamilton,,
11,Carol Triggs,,
11,Pete Armstrong,,
11,Cynthia Delaney,,
11,Greg Guthrie,,
11,Craig Carreira,,
11,Rob Williams,,
11,Herbert Flentye,,
11,Chris McAfee,,
11,Sally Knutson,,
11,Anthony Jacobs,,
11,David Smith,,
11,Nick Crebassa,,
11,Daniel Raglin,,
11,Dean Braden,,
11,Bruce Stewart,,
12,Joel Eaton,,
12,Allen Goldenen,,
12,Carl Ludwig,,
12,Shirley Jackson,,
12,Mike Vittorini,,
12,Eva Jacobs,,
12,Laurel Beltran,,
12,Fred Hopkins,,
12,Deborah Brumfield,,
12,Jamie Frazer,,
12,Alan Schoenberger,,
12,Pauline Webber,,
12,Muhammed Yedwab,,
12,Emily Grady,,
12,Caroline Jumper,,
12,Michael Moore,,
12,Becky Martin,,
12,Justin Ellison,,
12,Aleksandra Gannaway,,
12,Tony Chapman,,
12,Theone Pippenger,,
12,Harold Engle,,
12,Greg Guthrie,,
12,Greg Tran,,
12,Dave Poirier,,
12,Anne Pryor,,
12,Gene Hale,,
12,Quincy Jones,,
12,Julie Prescott,,
12,Doug Bickford,,
12,Julia Barnett,,
12,Fred McMath,,
12,Damala Kotsonis,,
12,Emily Burns,,
12,Stephanie Phelps,,
12,Paul MacIntyre,,
12,Delfina Latchford,,
12,Arthur Prichep,,
12,Sanjit Jacobs,,
12,Chris McAfee,,
12,Bart Watters,,
12,Sara Luxemburg,,
12,Janet Molinari,,
12,Anthony Rawles,,
12,Lena Radford,,
12,Noel Staavos,,
12,Jim Mitchum,,
12,Matthew Grinstein,,
12,Ken Heidel,,
12,Jasper Cacioppo,,
12,Pete Kriz,,
12,David Smith,,
12,Michael Paige,,
12,Benjamin Patterson,,
12,Shahid Hopkins,,
12,Tanja Norvell,,
12,Charles McCrossin,,
12,Steve Carroll,,
12,Alan Haines,,
12,Julie Kriz,,
12,Grace Kelly,,
12,Jeremy Ellison,,
12,Adrian Hane,,
12,Parhena Norris,,
12,Erin Smith,,
12,Mark Haberlin,,
12,Barry Pond,,
12,Sue Ann Reed,,
12,Duane Noonan,,
12,Ben Peterman,,
12,Matt Collister,,
12,Edward Hooks,,
12,Carol Adams,,
12,Laura Armstrong,,
12,Frank Merwin,,
12,Ross Baird,,
12,Benjamin Venier,,
12,Jessica Myrick,,
12,Brian DeCherney,,
12,Saphhira Shifley,,
12,Joe Elijah,,
12,Laurel Workman,,
12,Trudy Schmidt,,
12,Andrew Roberts,,
12,Mike Caudle,,
12,Brenda Bowman,,
12,Brooke Gillingham,,
12,Eugene Moren,,
12,Ross DeVincentis,,
12,Joni Wasserman,,
12,Troy Blackwell,,
12,Kelly Andreada,,
12,Carlos Daly,,
12,Phillip Flathmann,,
12,Ken Lonsdale,,
12,Marc Harrigan,,
12,Frank Olsen,,
12,Carl Jackson,,
12,Evan Henry,,
12,Emily Phan,,
12,Becky Pak,,
12,Duane Benoit,,
1,Guy Armstrong,,
1,Dennis Pardue,,
1,Janet Martin,,
1,Aaron Smayling,,
1,Trudy Schmidt,,
1,Fred Wasserman,,
1,Christopher Martinez,,
1,Bart Watters,,
1,Thais Sissman,,
1,Jamie Frazer,,
1,Ricardo Sperren,,
1,Beth Paige,,
1,Dianna Arnett,,
1,Linda Southworth,,
1,David Bremer,,
1,Cathy Prescott,,
1,Rob Beeghly,,
1,Tracy Poddar,,
1,Brosina Hoffman,,
1,Sean O'Donnell,,
1,Hallie Redmond,,
1,Robert Waldorf,,
1,Sanjit Chand,,
1,Tonja Turnell,,
1,Andy Reiter,,
1,Dan Lawera,,
1,Neola Schneider,,
1,Raymond Messe,,
1,Cynthia Voltz,,
1,Thea Hendricks,,
1,Tamara Manning,,
1,Maris LaWare,,
1,Darrin Sayre,,
1,Penelope Sewall,,
1,Mick Hernandez,,
1,Bobby Elias,,
1,Alan Dominguez,,
1,Edward Hooks,,
1,Matt Connell,,
1,Harold Pawlan,,
1,Theone Pippenger,,
1,Keith Dawkins,,
1,Claire Gute,,
1,Caroline Jumper,,
1,Bradley Drucker,,
1,John Huston,,
1,Toby Gnade,,
1,Beth Thompson,,
1,Giulietta Baptist,,
1,Craig Leslie,,
1,Clytie Kelty,,
1,Vivek Gonzalez,,
1,Rob Dowd,,
1,Bryan Davis,,
1,Benjamin Venier,,
1,Eugene Hildebrand,,
1,Emily Burns,,
1,Liz Preis,,
1,Sam Zeldin,,
2,Dorothy Wardle,,
2,John Lee,,
2,Bill Overfelt,,
2,Matt Collins,,
2,Shahid Collister,,
2,Jay Fein,,
2,Cassandra Brandow,,
2,Fred Chung,,
2,Mark Van Huff,,
2,Bryan Davis,,
2,Sibella Parks,,
2,Skye Norling,,
2,Tom Prescott,,
2,Sarah Bern,,
2,Mike Pelletier,,
2,Cari Sayre,,
2,Don Jones,,
2,Magdelene Morse,,
2,Fred Harton,,
2,Stewart Visinsky,,
2,Jennifer Patt,,
2,Mark Hamilton,,
2,Luke Foster,,
2,Nat Gilpin,,
2,Julie Kriz,,
2,Lauren Leatherbury,,
2,Gary Hansen,,
2,Cyra Reiten,,
2,Christine Kargatis,,
2,Cynthia Voltz,,
2,Nicole Hansen,,
2,Max Engle,,
2,Emily Ducich,,
2,Helen Wasserman,,
2,Julie Prescott,,
2,Bart Pistole,,
2,Katherine Murray,,
2,Clytie Kelty,,
2,Ann Chong,,
2,Christy Brittain,,
2,Michelle Huthwaite,,
2,Scot Wooten,,
2,Bradley Talbott,,
2,Becky Martin,,
2,Dave Brooks,,
2,Duane Benoit,,
3,Maribeth Yedwab,,
3,Dorothy Badders,,
3,Joseph Airdo,,
3,Ken Dana,,
3,Roland Schwarz,,
3,Liz Preis,,
3,Richard Eichhorn,,
3,Ed Jacobs,,
3,Bill Tyler,,
3,Sung Pak,,
3,Darren Powers,,
3,Tonja Turnell,,
3,Pete Kriz,,
3,Claudia Bergmann,,
3,Roland Murray,,
3,Ben Ferrer,,
3,Sally Hughsby,,
3,Frank Carlisle,,
3,Don Weiss,,
3,Shahid Hopkins,,
3,Victoria Brennan,,
3,Alan Hwang,,
3,Lindsay Williams,,
3,Karl Braun,,
3,Mick Hernandez,,
3,Emily Burns,,
3,Candace McMahon,,
3,Maribeth Dona,,
3,Max Jones,,
3,Marc Harrigan,,
3,Paul Van Hugh,,
3,Bill Stewart,,
3,Benjamin Farhat,,
3,Sanjit Engle,,
3,Stephanie Ulpright,,
3,Joy Bell-,,
3,Meg Tillman,,
3,Frank Hawley,,
3,Brad Norvell,,
3,Valerie Mitchum,,
3,Matthew Grinstein,,
3,Susan Pistek,,
3,Denny Blanton,,
3,Philisse Overcash,,
3,Ann Steele,,
3,Carol Darley,,
3,Edward Nazzal,,
3,Thomas Thornton,,
3,Barry Pond,,
3,Jason Klamczynski,,
3,Catherine Glotzbach,,
3,Natalie DeCherney,,
3,Sue Ann Reed,,
3,George Zrebassa,,
3,Helen Wasserman,,
3,Roger Demir,,
3,Harry Greene,,
3,Robert Waldorf,,
3,Steven Cartwright,,
3,Pauline Webber,,
3,Ted Butterfield,,
3,Paul Stevenson,,
3,Bill Eplett,,
3,Erin Creighton,,
3,Mary Zewe,,
3,Raymond Buch,,
3,Brian Moss,,
3,Ann Chong,,
3,John Castell,,
3,Duane Benoit,,
3,John Lee,,
3,Maria Zettner,,
3,Michelle Lonsdale,,
3,Evan Minnotte,,
3,Heather Kirkland,,
3,Alejandro Grove,,
3,Brendan Dodson,,
3,Cyma Kinney,,
3,Tony Molinari,,
3,Becky Pak,,
3,Tom Boeckenhauer,,
3,Daniel Byrd,,
3,Emily Grady,,
3,Jim Epp,,
3,Henry Goldwyn,,
4,Adam Shillingsburg,,
4,Maribeth Schnelling,,
4,Nick Crebassa,,
4,John Castell,,
4,Barry Französisch,,
4,Jamie Frazer,,
4,Alyssa Tate,,
4,Amy Hunt,,
4,Anne McFarland,,
4,Darrin Sayre,,
4,Penelope Sewall,,
4,Tom Ashbrook,,
4,Max Ludwig,,
4,Christopher Schild,,
4,Hallie Redmond,,
4,Karen Ferguson,,
4,Adrian Hane,,
4,Nicole Hansen,,
4,Bryan Spruell,,
4,Ken Lonsdale,,
4,Noah Childs,,
4,Sanjit Jacobs,,
4,Russell D'Ascenzo,,
4,Mitch Gastineau,,
4,Bruce Stewart,,
4,Luke Weiss,,
4,Sample Company A,,
4,Henry MacAllister,,
4,Rob Williams,,
4,Yana Sorensen,,
4,Dave Poirier,,
4,Alan Barnes,,
4,Christine Sundaresam,,
4,Dorothy Wardle,,
4,Harry Marie,,
4,Andrew Allen,,
4,Shahid Hopkins,,
4,Adam Hart,,
4,Noel Staavos,,
4,Bart Pistole,,
4,Paul Lucas,,
4,Natalie DeCherney,,
4,Jesus Ocampo,,
4,Sharelle Roach,,
4,Bruce Geld,,
4,Pamela Stobb,,
4,Brendan Murry,,
4,Cynthia Voltz,,
4,Sarah Jordon,,
4,Christina VanderZanden,,
4,Brad Eason,,
4,Shirley Jackson,,
4,Joni Wasserman,,
4,Janet Martin,,
4,Katherine Nockton,,
4,Gary McGarr,,
4,Meg O'Connel,,
4,Bruce Degenhardt,,
4,Sally Knutson,,
4,Sean Christensen,,
4,Tamara Dahlen,,
4,Jay Fein,,
4,Parhena Norris,,
4,Sean O'Donnell,,
4,Damala Kotsonis,,
4,Christine Phan,,
4,Michael Granlund,,
4,Susan Vittorini,,
4,Mick Brown,,
4,Larry Hughes,,
4,Speros Goranitis,,
4,Rob Lucas,,
4,Larry Blacks,,
4,Philisse Overcash,,
4,Matt Connell,,
4,Janet Lee,,
4,Kean Thornton,,
4,Dionis Lloyd,,
4,Ann Steele,,
4,Saphhira Shifley,,
4,Jeremy Farry,,
4,Neoma Murray,,
4,Alan Dominguez,,
4,Don Jones,,
4,Erin Ashbrook,,
4,Nick Zandusky,,
4,Mick Hernandez,,
5,Sanjit Jacobs,,
5,Dorothy Wardle,,
5,Dorothy Dickinson,,
5,Darren Budd,,
5,Mike Kennedy,,
5,Bill Overfelt,,
5,Shahid Hopkins,,
5,Muhammed Yedwab,,
5,Darren Koutras,,
5,Lisa Hazard,,
5,Yana Sorensen,,
5,Max Ludwig,,
5,Toby Carlisle,,
5,Gary Zandusky,,
5,Dorothy Badders,,
5,Trudy Schmidt,,
5,Doug Bickford,,
5,Rick Wilson,,
5,Adam Bellavance,,
5,Carlos Soltero,,
5,Maribeth Dona,,
5,Penelope Sewall,,
5,Don Jones,,
5,Ed Braxton,,
5,Matt Connell,,
5,Laurel Beltran,,
5,Liz Pelletier,,
5,Julie Kriz,,
5,Todd Sumrall,,
5,Zuschuss Carroll,,
5,Alyssa Crouse,,
5,Chloris Kastensmidt,,
5,Julie Prescott,,
5,Charles Sheldon,,
5,Jonathan Howell,,
5,Cynthia Arntzen,,
5,Ross Baird,,
5,Brian Moss,,
5,Frank Hawley,,
5,Mick Hernandez,,
5,Pauline Johnson,,
5,Eva Jacobs,,
5,Ken Black,,
5,Joseph Airdo,,
5,Jason Fortune-,,
5,Joy Daniels,,
5,John Murray,,
5,Brosina Hoffman,,
5,Toby Swindell,,
5,Susan Gilcrest,,
5,Todd Boyes,,
5,Adrian Barton,,
5,Paul Prost,,
5,Brendan Murry,,
5,Roland Schwarz,,
5,Shahid Collister,,
5,Becky Castell,,
5,John Castell,,
5,Adam Hart,,
5,Sue Ann Reed,,
5,Neil Ducich,,
5,Chuck Clark,,
5,Allen Rosenblatt,,
5,Rick Duston,,
5,John Grady,,
5,Eric Hoffmann,,
5,Vicky Freymann,,
5,Jeremy Lonsdale,,
5,Bryan Mills,,
5,Carlos Daly,,
5,Dianna Wilson,,
5,Duane Noonan,,
5,Bart Watters,,
5,Patrick O'Donnell,,
5,Lori Olson,,
5,Candace McMahon,,
5,Michael Dominguez,,
5,Alice McCarthy,,
5,Guy Thornton,,
5,Henia Zydlo,,
5,Maris LaWare,,
5,Bruce Degenhardt,,
5,Michael Granlund,,
5,Suzanne McNair,,
5,Kelly Andreada,,
6,Barry Blumstein,,
6,Fred Harton,,
6,Cynthia Voltz,,
6,Barry Weirich,,
6,Helen Wasserman,,
6,Denny Ordway,,
6,John Dryer,,
6,Giulietta Dortch,,
6,Saphhira Shifley,,
6,Katherine Nockton,,
6,Meg O'Connel,,
6,Lindsay Williams,,
6,Dan Campbell,,
6,Carol Triggs,,
6,Michelle Lonsdale,,
6,Erica Hernandez,,
6,Erin Mull,,
6,Adrian Barton,,
6,Gary Hansen,,
6,Dorris liebe,,
6,Tiffany House,,
6,Liz Willingham,,
6,Ben Wallace,,
6,Maureen Gastineau,,
6,Noah Childs,,
6,Anna Gayman,,
6,Michelle Tran,,
6,Sean Christensen,,
6,Carl Ludwig,,
6,Neil Ducich,,
6,Linda Cazamias,,
6,George Zrebassa,,
6,Muhammed MacIntyre,,
6,Kristina Nunn,,
6,Tom Boeckenhauer,,
6,Zuschuss Donatelli,,
6,Zuschuss Carroll,,
6,Hunter Glantz,,
6,Sarah Brown,,
6,Troy Staebel,,
6,Shirley Daniels,,
6,Paul Gonzalez,,
6,Tamara Willingham,,
6,Clay Cheatham,,
6,Tamara Dahlen,,
6,Stuart Calhoun,,
6,Dean percer,,
6,Kristen Hastings,,
6,Joe Elijah,,
6,Claudia Bergmann,,
6,Michael Kennedy,,
6,Katherine Ducich,,
6,Luke Schmidt,,
6,Ryan Akin,,
6,Steven Roelle,,
6,Craig Carreira,,
6,Neil Knudson,,
6,Allen Rosenblatt,,
6,Deborah Brumfield,,
6,George Ashbrook,,
6,Toby Ritter,,
6,Jeremy Ellison,,
6,Shui Tom,,
6,Pauline Johnson,,
6,Eugene Hildebrand,,
6,Paul Lucas,,
6,Joe Kamberova,,
6,Rick Bensley,,
6,Maria Bertelson,,
6,Caroline Jumper,,
6,Nicole Hansen,,
6,Matthew Clasen,,
6,Kean Thornton,,
6,Max Ludwig,,
6,Anne McFarland,,
6,Tracy Hopkins,,
6,Denny Blanton,,
6,Nora Preis,,
6,Chris Cortes,,
6,Dan Reichenbach,,
6,Scott Cohen,,
6,Michelle Arnett,,
6,Pauline Webber,,
6,Dean Katz,,
6,Alex Avila,,
6,Fred Chung,,
6,William Brown,,
6,Max Engle,,
6,Victor Preis,,
6,Ralph Arnett,,
6,John Castell,,
6,Thomas Thornton,,
7,Karen Ferguson,,
7,Chuck Sachs,,
7,Rob Dowd,,
7,Frank Hawley,,
7,Christina Anderson,,
7,Sam Zeldin,,
7,Jim Kriz,,
7,Frank Merwin,,
7,Maria Bertelson,,
7,Michael Oakman,,
7,Tony Sayre,,
7,Fred Hopkins,,
7,Angele Hood,,
7,Patrick O'Brill,,
7,Christine Sundaresam,,
7,Tamara Dahlen,,
7,Jenna Caffey,,
7,Vivek Gonzalez,,
7,Harold Engle,,
7,Mathew Reese,,
7,Noel Staavos,,
7,John Huston,,
7,Sean Miller,,
7,Jamie Frazer,,
7,Becky Pak,,
7,Frank Gastineau,,
7,Beth Fritzler,,
7,Katherine Nockton,,
7,Joy Daniels,,
7,Natalie Webber,,
7,Karen Bern,,
7,Cari Schnelling,,
7,Toby Carlisle,,
7,Magdelene Morse,,
7,Michelle Moray,,
7,Ricardo Sperren,,
7,Sandra Flanagan,,
7,Valerie Mitchum,,
7,Natalie Fritzler,,
7,Shaun Weien,,
7,Anthony Johnson,,
7,Maris LaWare,,
7,Seth Vernon,,
7,Carlos Soltero,,
7,Elizabeth Moffitt,,
7,Suzanne McNair,,
7,Anthony Rawles,,
7,Tamara Willingham,,
7,Sarah Foster,,
7,Sean Wendt,,
7,Anne McFarland,,
7,Gene McClure,,
7,Kelly Lampkin,,
7,Pete Takahito,,
7,Eric Barreto,,
7,Christine Phan,,
7,Lena Hernandez,,
7,Lisa Ryan,,
7,Nathan Mautz,,
7,Maribeth Yedwab,,
7,Philisse Overcash,,
7,Tracy Blumstein,,
7,Annie Zypern,,
7,Harold Ryan,,
7,Dorothy Dickinson,,
7,John Castell,,
7,Evan Minnotte,,
7,George Zrebassa,,
7,Mike Gockenbach,,
7,Tony Molinari,,
7,Joni Wasserman,,
7,Matt Hagelstein,,
7,Anna Gayman,,
7,Gary McGarr,,
7,Tony Chapman,,
7,Eugene Hildebrand,,
7,Katrina Willman,,
7,Erin Creighton,,
7,Luke Schmidt,,
7,Greg Matthias,,
7,Laurel Beltran,,
8,Larry Hughes,,
8,Aaron Smayling,,
8,Heather Kirkland,,
8,Eric Murdock,,
8,Charlotte Melton,,
8,Bruce Degenhardt,,
8,George Ashbrook,,
8,Adrian Barton,,
8,Harry Marie,,
8,Patrick O'Donnell,,
8,Seth Vernon,,
8,Gary Mitchum,,
8,Shahid Hopkins,,
8,Fred McMath,,
8,Cindy Chapman,,
8,Matt Collins,,
8,Chloris Kastensmidt,,
8,Jeremy Lonsdale,,
8,Steve Chapman,,
8,Sylvia Foulston,,
8,Daniel Raglin,,
8,Sanjit Jacobs,,
8,Justin MacKendrick,,
8,Brenda Bowman,,
8,Dana Kaydos,,
8,Keith Dawkins,,
8,Michael Kennedy,,
8,Dan Campbell,,
8,Janet Martin,,
8,James Galang,,
8,Dionis Lloyd,,
8,Bill Overfelt,,
8,Sarah Jordon,,
8,Edward Hooks,,
8,Adrian Hane,,
8,Rick Wilson,,
8,Nat Gilpin,,
8,Russell Applegate,,
8,Nicole Fjeld,,
8,Yana Sorensen,,
8,Pauline Johnson,,
8,Charles McCrossin,,
8,Jennifer Braxton,,
8,Sonia Cooley,,
8,Doug O'Connell,,
8,Lisa Ryan,,
8,Kean Thornton,,
8,Tonja Turnell,,
8,Greg Tran,,
8,Patrick Ryan,,
8,Tracy Hopkins,,
8,Candace McMahon,,
8,Sung Chung,,
8,Tony Molinari,,
8,Dean percer,,
8,Alan Haines,,
8,Darrin Martin,,
8,Guy Armstrong,,
8,Don Weiss,,
8,Steve Carroll,,
8,Darren Powers,,
8,Heather Jas,,
8,Allen Rosenblatt,,
8,Mathew Reese,,
8,Sanjit Engle,,
8,Stefania Perrino,,
8,Shui Tom,,
8,Sarah Foster,,
8,Kristina Nunn,,
8,Sean Christensen,,
8,Cathy Prescott,,
8,Michael Dominguez,,
8,Jeremy Farry,,
8,Rob Lucas,,
8,Ashley Jarboe,,
8,Arthur Wiediger,,
8,Barry Gonzalez,,
8,Bart Watters,,
8,Michael Granlund,,
9,Sung Shariari,,
9,Christine Kargatis,,
9,Dorris liebe,,
9,Bill Eplett,,
9,Ralph Kennedy,,
9,Phillip Flathmann,,
9,Anthony Witt,,
9,Ted Butterfield,,
9,Jill Stevenson,,
9,Mick Crebagga,,
9,Janet Lee,,
9,Alan Hwang,,
9,Emily Phan,,
9,Aleksandra Gannaway,,
9,Sample Company A,,
9,Katrina Bavinger,,
9,Muhammed Yedwab,,
9,John Dryer,,
9,Ralph Arnett,,
9,Tiffany House,,
9,Vivian Mathis,,
9,Eva Jacobs,,
9,Doug O'Connell,,
9,Dean percer,,
9,Cassandra Brandow,,
9,Allen Armold,,
9,Michelle Moray,,
9,Roland Schwarz,,
9,Barry Französisch,,
9,Eudokia Martin,,
9,Sean O'Donnell,,
9,Joy Bell-,,
9,Arianne Irving,,
9,Liz Carlisle,,
9,Grace Kelly,,
9,Matt Connell,,
9,Damala Kotsonis,,
9,Joy Daniels,,
9,Robert Waldorf,,
9,Shahid Hopkins,,
9,Jennifer Ferguson,,
9,Cindy Chapman,,
9,Bart Folk,,
9,Don Jones,,
9,John Murray,,
9,Speros Goranitis,,
9,Liz Thompson,,
9,Roger Barcio,,
9,Henia Zydlo,,
9,Brenda Bowman,,
9,Dave Brooks,,
9,Carl Ludwig,,
9,Alan Barnes,,
9,Rick Duston,,
9,Theresa Coyne,,
9,Barry Blumstein,,
9,Jay Fein,,
9,Evan Henry,,
9,Tom Prescott,,
9,Alan Schoenberger,,
9,Pete Armstrong,,
9,Frank Gastineau,,
9,Rick Hansen,,
9,Muhammed Lee,,
9,Jim Epp,,
9,Erica Hernandez,,
9,Joel Eaton,,
9,David Wiener,,
9,Michael Granlund,,
9,Peter Bühler,,
9,Berenike Kampe,,
9,Don Weiss,,
9,Brooke Gillingham,,
9,Kristina Nunn,,
9,Bruce Stewart,,
9,Bobby Elias,,
9,Lena Cacioppo,,
9,Duane Benoit,,
9,Brian Dahlen,,
9,Karen Bern,,
9,Mick Hernandez,,
9,Bart Pistole,,
9,Philip Brown,,
9,Rose O'Brian,,
9,Neil Knudson,,
9,Katrina Willman,,
9,Raymond Buch,,
9,Luke Schmidt,,
9,Carol Adams,,
9,Ruben Ausman,,
9,Charles McCrossin,,
9,Darrin Sayre,,
9,Bruce Degenhardt,,
9,Maureen Gastineau,,
9,Jas O'Carroll,,
9,Michelle Ellison,,
9,Sonia Cooley,,
9,Fred Hopkins,,
9,Bradley Talbott,,
9,Barbara Fisher,,
10,Ken Heidel,,
10,Ellis Ballard,,
10,Neola Schneider,,
10,Corinna Mitchell,,
10,Roland Fjeld,,
10,Becky Pak,,
10,Rob Williams,,
10,Frank Gastineau,,
10,Paul Van Hugh,,
10,Jane Waco,,
10,Juliana Krohn,,
10,Chad McGuire,,
10,Steve Chapman,,
10,Aaron Smayling,,
10,Patrick O'Brill,,
10,Chuck Clark,,
10,Laurel Workman,,
10,Paul Stevenson,,
10,Phillina Ober,,
10,Mike Pelletier,,
10,Ross Baird,,
10,Nick Zandusky,,
10,Cyra Reiten,,
10,Muhammed MacIntyre,,
10,Mark Hamilton,,
10,Ashley Jarboe,,
10,Debra Catini,,
10,Mike Gockenbach,,
10,Joe Kamberova,,
10,Dean Braden,,
10,Chris Selesnick,,
10,Gary McGarr,,
10,Cyma Kinney,,
10,Cathy Prescott,,
10,Harry Greene,,
10,Scot Wooten,,
10,Steve Nguyen,,
10,Sean Miller,,
10,Michelle Lonsdale,,
10,Robert Waldorf,,
10,Sung Pak,,
10,Nora Paige,,
10,Matthew Grinstein,,
10,Natalie Fritzler,,
10,Christina Anderson,,
10,Craig Reiter,,
10,Troy Staebel,,
10,Alan Hwang,,
10,Michelle Huthwaite,,
10,Ed Ludwig,,
10,Joni Wasserman,,
10,Anthony Garverick,,
10,Berenike Kampe,,
10,Roland Schwarz,,
10,Ricardo Sperren,,
10,Marc Crier,,
10,Stuart Van,,
10,Bobby Odegard,,
10,Gary Hansen,,
10,Saphhira Shifley,,
10,Astrea Jones,,
10,Matt Abelman,,
10,Harry Marie,,
10,Rick Duston,,
10,Tracy Hopkins,,
10,Hilary Holden,,
10,Justin Ellison,,
10,Rick Bensley,,
10,Pete Takahito,,
10,Patricia Hirasaki,,
10,Michael Dominguez,,
10,Natalie DeCherney,,
10,Jennifer Braxton,,
10,Tom Ashbrook,,
10,David Wiener,,
10,Helen Abelman,,
10,Jocasta Rupert,,
10,Julie Creighton,,
10,Darrin Martin,,
10,Randy Bradley,,
10,Adam Hart,,
10,Paul Gonzalez,,
10,Olvera Toch,,
10,Jamie Frazer,,
10,Benjamin Farhat,,
10,Jack O'Briant,,
10,Sally Hughsby,,
10,Tamara Willingham,,
10,Lori Olson,,
10,Janet Martin,,
10,George Bell,,
10,Michelle Moray,,
10,Jim Karlsson,,
10,Ryan Akin,,
10,Adrian Hane,,
10,Craig Yedwab,,
11,Nancy Lomonaco,,
11,Thomas Boland,,
11,Thea Hudgings,,
11,Joy Bell-,,
11,Anthony Rawles,,
11,Sharelle Roach,,
11,Don Jones,,
11,Kimberly Carter,,
11,Darrin Martin,,
11,Eva Jacobs,,
11,Paul Gonzalez,,
11,Beth Fritzler,,
11,Bruce Geld,,
11,Dave Kipp,,
11,James Lanier,,
11,Christina Anderson,,
11,Henry Goldwyn,,
11,Troy Staebel,,
11,Susan Vittorini,,
11,Alan Haines,,
11,Elizabeth Moffitt,,
11,Christina DeMoss,,
11,Adam Bellavance,,
11,Roger Barcio,,
11,Zuschuss Carroll,,
11,Jill Fjeld,,
11,Christopher Conant,,
11,Harry Greene,,
11,Tony Sayre,,
11,Frank Preis,,
11,Katherine Nockton,,
11,Erin Creighton,,
11,Kean Nguyen,,
11,Parhena Norris,,
11,Jennifer Braxton,,
11,Jim Epp,,
11,Peter McVee,,
11,Gary Hwang,,
11,Maria Etezadi,,
11,Tamara Dahlen,,
11,Max Ludwig,,
11,Catherine Glotzbach,,
11,Michelle Huthwaite,,
11,David Bremer,,
11,Ed Braxton,,
11,Eugene Moren,,
11,Christine Sundaresam,,
11,Larry Blacks,,
11,Dennis Kane,,
11,Michael Nguyen,,
11,Ted Trevino,,
11,Toby Carlisle,,
11,Katrina Edelman,,
11,Ken Brennan,,
11,Stefania Perrino,,
11,Erin Mull,,
11,Clytie Kelty,,
11,Lindsay Williams,,
11,Frank Olsen,,
11,Pauline Webber,,
11,Joe Elijah,,
11,Dana Kaydos,,
11,Mitch Willingham,,
11,Mick Hernandez,,
11,Mick Brown,,
11,Hunter Lopez,,
11,Victoria Wilson,,
11,Trudy Brown,,
11,Jane Waco,,
11,Art Ferguson,,
11,Jim Sink,,
11,Russell D'Ascenzo,,
11,Nona Balk,,
11,Jonathan Howell,,
11,Aimee Bixby,,
11,Linda Cazamias,,
11,Mick Crebagga,,
11,Dorothy Dickinson,,
11,Nathan Cano,,
11,Jennifer Halladay,,
11,Kelly Andreada,,
11,Hunter Glantz,,
11,Erica Smith,,
11,Benjamin Patterson,,
11,Barry Franz,,
11,Henia Zydlo,,
11,Janet Martin,,
11,Christopher Martinez,,
11,Dan Campbell,,
11,Jennifer Patt,,
11,Todd Sumrall,,
11,Roland Schwarz,,
11,Mark Van Huff,,
11,Michael Dominguez,,
11,Shaun Chance,,
11,Brooke Gillingham,,
11,Patrick Ryan,,
11,Jason Gross,,
11,Maribeth Yedwab,,
11,Beth Paige,,
11,John Lee,,
11,Bradley Drucker,,
11,Delfina Latchford,,
11,Brendan Sweed,,
11,Corey Catlett,,
11,Guy Thornton,,
11,Tonja Turnell,,
11,Doug Bickford,,
11,Bill Donatelli,,
11,Justin Ritter,,
11,Ross Baird,,
11,Rick Hansen,,
11,Max Engle,,
11,Stuart Calhoun,,
11,Shahid Collister,,
11,Victor Preis,,
12,Dianna Vittorini,,
12,Sarah Jordon,,
12,Clay Cheatham,,
12,Maribeth Yedwab,,
12,Max Ludwig,,
12,Victoria Wilson,,
12,Joy Smith,,
12,Alice McCarthy,,
12,Daniel Byrd,,
12,Giulietta Weimer,,
12,Juliana Krohn,,
12,Max Engle,,
12,Roy Phan,,
12,Susan Vittorini,,
12,Kunst Miller,,
12,Chuck Sachs,,
12,Natalie DeCherney,,
12,Corinna Mitchell,,
12,Mark Van Huff,,
12,Lena Cacioppo,,
12,Darrin Van Huff,,
12,Christy Brittain,,
12,Larry Tron,,
12,Chris Selesnick,,
12,Doug O'Connell,,
12,Katrina Edelman,,
12,Rob Beeghly,,
12,Alan Barnes,,
12,Carlos Soltero,,
12,Patrick Bzostek,,
12,Bart Folk,,
12,Brad Norvell,,
12,Brosina Hoffman,,
12,Tracy Collins,,
12,Denise Monton,,
12,Jeremy Pistek,,
12,Carl Weiss,,
12,Max Jones,,
12,Christine Abelman,,
12,Herbert Flentye,,
12,Dean Braden,,
12,Angele Hood,,
12,Nick Crebassa,,
12,Luke Weiss,,
12,Helen Andreada,,
12,Lindsay Shagiari,,
12,Anthony Witt,,
12,Chris Cortes,,
12,Brian Thompson,,
12,Alex Grayson,,
12,Ralph Ritter,,
12,Alejandro Savely,,
12,Allen Armold,,
12,Roy Skaria,,
12,Richard Bierner,,
12,Dave Brooks,,
12,Paul Lucas,,
12,Rick Bensley,,
12,Hallie Redmond,,
12,Vicky Freymann,,
12,Giulietta Baptist,,
12,Annie Thurman,,
12,Russell Applegate,,
12,Beth Paige,,
12,Amy Cox,,
12,Bradley Nguyen,,
12,Sanjit Engle,,
12,Liz Preis,,
12,Sally Knutson,,
12,Jason Gross,,
12,Sharelle Roach,,
12,Chad McGuire,,
12,Charlotte Melton,,
12,Jack Lebron,,
12,Filia McAdams,,
12,Monica Federle,,
12,Jennifer Braxton,,
12,Andy Reiter,,
12,Hunter Glantz,,
12,Ann Chong,,
12,Christine Sundaresam,,
12,Robert Marley,,
12,Neola Schneider,,
12,Cynthia Voltz,,
12,Mick Hernandez,,
12,Giulietta Dortch,,
12,Jennifer Halladay,,
12,Patrick O'Donnell,,
12,Yoseph Carroll,,
12,Karen Bern,,
12,Dan Reichenbach,,
12,Jennifer Ferguson,,
12,Greg Hansen,,
12,Lori Olson,,
12,Christopher Schild,,
12,Bruce Stewart,,
12,Katherine Hughes,,
12,Chuck Clark,,
12,Erica Bern,,
12,Jill Matthias,,
